,Unnamed: 0,exclude_plaintext_nonbase32,exclude_plaintext_base32,exclude_encrypted_v1,exclude_encrypted_v2,exclude_encrypted_base32,exclude_encrypted_nonbase32,exclude_webp,exclude_nonwebp,baseline-f1_score,baseline-accuracy_score,baseline-precision_score,baseline-recall_score,advanced-only-f1_score,advanced-only-accuracy_score,advanced-only-precision_score,advanced-only-recall_score,fourier-only-f1_score,fourier-only-accuracy_score,fourier-only-precision_score,fourier-only-recall_score,baseline-and-fourier-f1_score,baseline-and-fourier-accuracy_score,baseline-and-fourier-precision_score,baseline-and-fourier-recall_score,advanced-and-fourier-f1_score,advanced-and-fourier-accuracy_score,advanced-and-fourier-precision_score,advanced-and-fourier-recall_score,advanced-f1_score,advanced-accuracy_score,advanced-precision_score,advanced-recall_score,fourier-f1_score,fourier-accuracy_score,fourier-precision_score,fourier-recall_score,n_encrypted,n_non_encrypted,ratio_encrypt_nonencrypt,best_f1_score,improvement_in_advanced,improvement_in_fourier,room_for_improvement,fourier_minus_advanced,percentage_of_room_filled
0,37,False,False,True,True,True,False,False,True,0.7105451612503637,0.9016727272727272,0.8638743691893115,0.6034782608695652,0.8674078347847466,0.9503747035573122,0.9315463684741008,0.8115731225296443,0.4087999244728714,0.8415304347826087,0.8048939925243767,0.2741818181818182,0.6950623057193234,0.8988521739130435,0.8752365430384227,0.5765375494071147,0.8909331930970961,0.9587225296442689,0.9447691420714242,0.8429407114624506,0.8738164710662669,0.95258814229249,0.9341905474475614,0.820806324110672,0.8905937484305368,0.9585581027667984,0.9434261327941638,0.8434150197628458,31625,126500,0.25,0.8909331930970961,0.1632713098159032,0.1800485871801731,0.2894548387496363,0.0167772773642699,62.202652392315336
1,55,False,False,False,True,True,False,False,True,0.7105451612503637,0.9016727272727272,0.8638743691893115,0.6034782608695652,0.8674078347847466,0.9503747035573122,0.9315463684741008,0.8115731225296443,0.4087999244728714,0.8415304347826087,0.8048939925243767,0.2741818181818182,0.6950623057193234,0.8988521739130435,0.8752365430384227,0.5765375494071147,0.8909331930970961,0.9587225296442689,0.9447691420714242,0.8429407114624506,0.8738164710662669,0.95258814229249,0.9341905474475614,0.820806324110672,0.8905937484305368,0.9585581027667984,0.9434261327941638,0.8434150197628458,31625,126500,0.25,0.8909331930970961,0.1632713098159032,0.1800485871801731,0.2894548387496363,0.0167772773642699,62.202652392315336
2,46,False,False,True,False,True,False,False,True,0.7105451612503637,0.9016727272727272,0.8638743691893115,0.6034782608695652,0.8674078347847466,0.9503747035573122,0.9315463684741008,0.8115731225296443,0.4087999244728714,0.8415304347826087,0.8048939925243767,0.2741818181818182,0.6950623057193234,0.8988521739130435,0.8752365430384227,0.5765375494071147,0.8909331930970961,0.9587225296442689,0.9447691420714242,0.8429407114624506,0.8738164710662669,0.95258814229249,0.9341905474475614,0.820806324110672,0.8905937484305368,0.9585581027667984,0.9434261327941638,0.8434150197628458,31625,126500,0.25,0.8909331930970961,0.1632713098159032,0.1800485871801731,0.2894548387496363,0.0167772773642699,62.202652392315336
3,64,False,False,False,False,True,False,False,True,0.7105451612503637,0.9016727272727272,0.8638743691893115,0.6034782608695652,0.8674078347847466,0.9503747035573122,0.9315463684741008,0.8115731225296443,0.4087999244728714,0.8415304347826087,0.8048939925243767,0.2741818181818182,0.6950623057193234,0.8988521739130435,0.8752365430384227,0.5765375494071147,0.8909331930970961,0.9587225296442689,0.9447691420714242,0.8429407114624506,0.8738164710662669,0.95258814229249,0.9341905474475614,0.820806324110672,0.8905937484305368,0.9585581027667984,0.9434261327941638,0.8434150197628458,31625,126500,0.25,0.8909331930970961,0.1632713098159032,0.1800485871801731,0.2894548387496363,0.0167772773642699,62.202652392315336
4,1,False,True,True,True,True,False,False,True,0.7123327155132233,0.8367641633728591,0.8632901260794981,0.6063241106719368,0.8653163064632758,0.9160579710144928,0.93013680841233,0.8089486166007905,0.4298178298285854,0.7402055335968379,0.8006574291055809,0.2938498023715415,0.6889522010863969,0.8295125164690381,0.8790709704483977,0.5664822134387351,0.8894579387342972,0.930266139657444,0.9431023968454308,0.841612648221344,0.8750218687321126,0.9216548089591567,0.934385215301108,0.8227667984189724,0.890696315561233,0.9309617918313572,0.9430963809266636,0.8438260869565217,31625,63250,0.5,0.890696315561233,0.1626891532188893,0.1783636000480096,0.2876672844867767,0.0156744468291203,62.0034357977918
5,28,False,True,False,False,True,False,False,True,0.7123327155132233,0.8367641633728591,0.8632901260794981,0.6063241106719368,0.8653163064632758,0.9160579710144928,0.93013680841233,0.8089486166007905,0.4298178298285854,0.7402055335968379,0.8006574291055809,0.2938498023715415,0.6889522010863969,0.8295125164690381,0.8790709704483977,0.5664822134387351,0.8894579387342972,0.930266139657444,0.9431023968454308,0.841612648221344,0.8750218687321126,0.9216548089591567,0.934385215301108,0.8227667984189724,0.890696315561233,0.9309617918313572,0.9430963809266636,0.8438260869565217,31625,63250,0.5,0.890696315561233,0.1626891532188893,0.1783636000480096,0.2876672844867767,0.0156744468291203,62.0034357977918
6,10,False,True,True,False,True,False,False,True,0.7123327155132233,0.8367641633728591,0.8632901260794981,0.6063241106719368,0.8653163064632758,0.9160579710144928,0.93013680841233,0.8089486166007905,0.4298178298285854,0.7402055335968379,0.8006574291055809,0.2938498023715415,0.6889522010863969,0.8295125164690381,0.8790709704483977,0.5664822134387351,0.8894579387342972,0.930266139657444,0.9431023968454308,0.841612648221344,0.8750218687321126,0.9216548089591567,0.934385215301108,0.8227667984189724,0.890696315561233,0.9309617918313572,0.9430963809266636,0.8438260869565217,31625,63250,0.5,0.890696315561233,0.1626891532188893,0.1783636000480096,0.2876672844867767,0.0156744468291203,62.0034357977918
7,19,False,True,False,True,True,False,False,True,0.7123327155132233,0.8367641633728591,0.8632901260794981,0.6063241106719368,0.8653163064632758,0.9160579710144928,0.93013680841233,0.8089486166007905,0.4298178298285854,0.7402055335968379,0.8006574291055809,0.2938498023715415,0.6889522010863969,0.8295125164690381,0.8790709704483977,0.5664822134387351,0.8894579387342972,0.930266139657444,0.9431023968454308,0.841612648221344,0.8750218687321126,0.9216548089591567,0.934385215301108,0.8227667984189724,0.890696315561233,0.9309617918313572,0.9430963809266636,0.8438260869565217,31625,63250,0.5,0.890696315561233,0.1626891532188893,0.1783636000480096,0.2876672844867767,0.0156744468291203,62.0034357977918
8,52,False,False,True,False,False,False,False,True,0.6742678692996042,0.8188194993412384,0.84129534746229,0.562592885375494,0.8134023626507323,0.8869934123847167,0.9045861980681628,0.7389249011857707,0.2402845845033558,0.7016126482213438,0.7939021533398534,0.1415810276679842,0.6632673893620826,0.8173438735177865,0.8602925509293697,0.5396837944664032,0.8351934472439929,0.8989986824769434,0.9155905548066876,0.7677786561264822,0.8288677517998554,0.8952938076416338,0.9104294284062512,0.7607272727272727,0.8409993321903471,0.9020711462450592,0.9165241598382748,0.7769802371541502,63250,126500,0.5,0.8409993321903471,0.1545998825002511,0.1667314628907428,0.3257321307003957,0.0121315803904916,51.18667984402813
9,43,False,False,True,True,False,False,False,True,0.6742678692996042,0.8188194993412384,0.84129534746229,0.562592885375494,0.8134023626507323,0.8869934123847167,0.9045861980681628,0.7389249011857707,0.2402845845033558,0.7016126482213438,0.7939021533398534,0.1415810276679842,0.6632673893620826,0.8173438735177865,0.8602925509293697,0.5396837944664032,0.8351934472439929,0.8989986824769434,0.9155905548066876,0.7677786561264822,0.8288677517998554,0.8952938076416338,0.9104294284062512,0.7607272727272727,0.8409993321903471,0.9020711462450592,0.9165241598382748,0.7769802371541502,63250,126500,0.5,0.8409993321903471,0.1545998825002511,0.1667314628907428,0.3257321307003957,0.0121315803904916,51.18667984402813
10,70,False,False,False,False,False,False,False,True,0.6742678692996042,0.8188194993412384,0.84129534746229,0.562592885375494,0.8134023626507323,0.8869934123847167,0.9045861980681628,0.7389249011857707,0.2402845845033558,0.7016126482213438,0.7939021533398534,0.1415810276679842,0.6632673893620826,0.8173438735177865,0.8602925509293697,0.5396837944664032,0.8351934472439929,0.8989986824769434,0.9155905548066876,0.7677786561264822,0.8288677517998554,0.8952938076416338,0.9104294284062512,0.7607272727272727,0.8409993321903471,0.9020711462450592,0.9165241598382748,0.7769802371541502,63250,126500,0.5,0.8409993321903471,0.1545998825002511,0.1667314628907428,0.3257321307003957,0.0121315803904916,51.18667984402813
11,61,False,False,False,True,False,False,False,True,0.6742678692996042,0.8188194993412384,0.84129534746229,0.562592885375494,0.8134023626507323,0.8869934123847167,0.9045861980681628,0.7389249011857707,0.2402845845033558,0.7016126482213438,0.7939021533398534,0.1415810276679842,0.6632673893620826,0.8173438735177865,0.8602925509293697,0.5396837944664032,0.8351934472439929,0.8989986824769434,0.9155905548066876,0.7677786561264822,0.8288677517998554,0.8952938076416338,0.9104294284062512,0.7607272727272727,0.8409993321903471,0.9020711462450592,0.9165241598382748,0.7769802371541502,63250,126500,0.5,0.8409993321903471,0.1545998825002511,0.1667314628907428,0.3257321307003957,0.0121315803904916,51.18667984402813
12,67,False,False,False,False,False,True,False,True,0.6372093571172835,0.8809296442687747,0.8156494502121054,0.5228458498023715,0.7538963400008092,0.9134418972332016,0.8736846638646135,0.6630197628458498,0.0229531896682496,0.8010308300395257,0.6471238838384966,0.011699604743083,0.6147937974750057,0.8790260869565216,0.8461727619530295,0.4829090909090908,0.7745685106427744,0.9197027667984188,0.8830924726765679,0.6898339920948616,0.77725234842081,0.920417391304348,0.8827285974497718,0.6943241106719368,0.7864091948168314,0.9232,0.8860007765551494,0.7069723320158102,31625,126500,0.25,0.7864091948168314,0.1400429913035265,0.1491998376995478,0.3627906428827164,0.0091568463960213,41.12560250011227
13,40,False,False,True,True,False,True,False,True,0.6372093571172835,0.8809296442687747,0.8156494502121054,0.5228458498023715,0.7538963400008092,0.9134418972332016,0.8736846638646135,0.6630197628458498,0.0229531896682496,0.8010308300395257,0.6471238838384966,0.011699604743083,0.6147937974750057,0.8790260869565216,0.8461727619530295,0.4829090909090908,0.7745685106427744,0.9197027667984188,0.8830924726765679,0.6898339920948616,0.77725234842081,0.920417391304348,0.8827285974497718,0.6943241106719368,0.7864091948168314,0.9232,0.8860007765551494,0.7069723320158102,31625,126500,0.25,0.7864091948168314,0.1400429913035265,0.1491998376995478,0.3627906428827164,0.0091568463960213,41.12560250011227
14,58,False,False,False,True,False,True,False,True,0.6372093571172835,0.8809296442687747,0.8156494502121054,0.5228458498023715,0.7538963400008092,0.9134418972332016,0.8736846638646135,0.6630197628458498,0.0229531896682496,0.8010308300395257,0.6471238838384966,0.011699604743083,0.6147937974750057,0.8790260869565216,0.8461727619530295,0.4829090909090908,0.7745685106427744,0.9197027667984188,0.8830924726765679,0.6898339920948616,0.77725234842081,0.920417391304348,0.8827285974497718,0.6943241106719368,0.7864091948168314,0.9232,0.8860007765551494,0.7069723320158102,31625,126500,0.25,0.7864091948168314,0.1400429913035265,0.1491998376995478,0.3627906428827164,0.0091568463960213,41.12560250011227
15,49,False,False,True,False,False,True,False,True,0.6372093571172835,0.8809296442687747,0.8156494502121054,0.5228458498023715,0.7538963400008092,0.9134418972332016,0.8736846638646135,0.6630197628458498,0.0229531896682496,0.8010308300395257,0.6471238838384966,0.011699604743083,0.6147937974750057,0.8790260869565216,0.8461727619530295,0.4829090909090908,0.7745685106427744,0.9197027667984188,0.8830924726765679,0.6898339920948616,0.77725234842081,0.920417391304348,0.8827285974497718,0.6943241106719368,0.7864091948168314,0.9232,0.8860007765551494,0.7069723320158102,31625,126500,0.25,0.7864091948168314,0.1400429913035265,0.1491998376995478,0.3627906428827164,0.0091568463960213,41.12560250011227
16,16,False,True,True,False,False,False,False,True,0.8681460636591307,0.8779446640316205,0.9439286565969855,0.8036363636363637,0.934849051277778,0.9369169960474308,0.9664964869389876,0.905217391304348,0.7645351762454127,0.8027826086956521,0.9483700856080498,0.6404584980237155,0.8602652802490122,0.8725138339920949,0.951687278457652,0.7848853754940711,0.9458249997429156,0.9472490118577076,0.9720057412295194,0.9210276679841896,0.9388826876415542,0.9406877470355732,0.9683173708466116,0.911193675889328,0.9466626495712568,0.94800790513834,0.971786077644794,0.9228142292490118,63250,63250,1.0,0.9466626495712568,0.0707366239824235,0.0785165859121261,0.1318539363408692,0.0077799619297026,59.54815464071153
17,7,False,True,True,True,False,False,False,True,0.8681460636591307,0.8779446640316205,0.9439286565969855,0.8036363636363637,0.934849051277778,0.9369169960474308,0.9664964869389876,0.905217391304348,0.7645351762454127,0.8027826086956521,0.9483700856080498,0.6404584980237155,0.8602652802490122,0.8725138339920949,0.951687278457652,0.7848853754940711,0.9458249997429156,0.9472490118577076,0.9720057412295194,0.9210276679841896,0.9388826876415542,0.9406877470355732,0.9683173708466116,0.911193675889328,0.9466626495712568,0.94800790513834,0.971786077644794,0.9228142292490118,63250,63250,1.0,0.9466626495712568,0.0707366239824235,0.0785165859121261,0.1318539363408692,0.0077799619297026,59.54815464071153
18,25,False,True,False,True,False,False,False,True,0.8681460636591307,0.8779446640316205,0.9439286565969855,0.8036363636363637,0.934849051277778,0.9369169960474308,0.9664964869389876,0.905217391304348,0.7645351762454127,0.8027826086956521,0.9483700856080498,0.6404584980237155,0.8602652802490122,0.8725138339920949,0.951687278457652,0.7848853754940711,0.9458249997429156,0.9472490118577076,0.9720057412295194,0.9210276679841896,0.9388826876415542,0.9406877470355732,0.9683173708466116,0.911193675889328,0.9466626495712568,0.94800790513834,0.971786077644794,0.9228142292490118,63250,63250,1.0,0.9466626495712568,0.0707366239824235,0.0785165859121261,0.1318539363408692,0.0077799619297026,59.54815464071153
19,34,False,True,False,False,False,False,False,True,0.8681460636591307,0.8779446640316205,0.9439286565969855,0.8036363636363637,0.934849051277778,0.9369169960474308,0.9664964869389876,0.905217391304348,0.7645351762454127,0.8027826086956521,0.9483700856080498,0.6404584980237155,0.8602652802490122,0.8725138339920949,0.951687278457652,0.7848853754940711,0.9458249997429156,0.9472490118577076,0.9720057412295194,0.9210276679841896,0.9388826876415542,0.9406877470355732,0.9683173708466116,0.911193675889328,0.9466626495712568,0.94800790513834,0.971786077644794,0.9228142292490118,63250,63250,1.0,0.9466626495712568,0.0707366239824235,0.0785165859121261,0.1318539363408692,0.0077799619297026,59.54815464071153
20,71,False,False,False,False,False,False,False,False,0.8889691609315401,0.9279515498836034,0.9139810652785872,0.8652987416337939,0.9244485961526124,0.9503316719656102,0.9376516605602812,0.911617366788019,0.7258610863600603,0.8093804066051973,0.6969818272797387,0.7575971643357221,0.8779242644072964,0.9177519667110934,0.8688279901381352,0.8872274182717567,0.9366439662904292,0.957968989284618,0.941278154880209,0.9320618799140998,0.9378463768068168,0.958824450404879,0.9438078351869382,0.9319629306702828,0.9430720970746904,0.9621576610598576,0.9458159436588915,0.9403485197531298,161706,323412,0.5,0.9430720970746904,0.0488772158752768,0.0541029361431503,0.1110308390684599,0.0052257202678734,48.72784588234201
21,53,False,False,True,False,False,False,False,False,0.8889691609315401,0.9279515498836034,0.9139810652785872,0.8652987416337939,0.9244485961526124,0.9503316719656102,0.9376516605602812,0.911617366788019,0.7258610863600603,0.8093804066051973,0.6969818272797387,0.7575971643357221,0.8779242644072964,0.9177519667110934,0.8688279901381352,0.8872274182717567,0.9366439662904292,0.957968989284618,0.941278154880209,0.9320618799140998,0.9378463768068168,0.958824450404879,0.9438078351869382,0.9319629306702828,0.9430720970746904,0.9621576610598576,0.9458159436588915,0.9403485197531298,161706,323412,0.5,0.9430720970746904,0.0488772158752768,0.0541029361431503,0.1110308390684599,0.0052257202678734,48.72784588234201
22,62,False,False,False,True,False,False,False,False,0.8889691609315401,0.9279515498836034,0.9139810652785872,0.8652987416337939,0.9244485961526124,0.9503316719656102,0.9376516605602812,0.911617366788019,0.7258610863600603,0.8093804066051973,0.6969818272797387,0.7575971643357221,0.8779242644072964,0.9177519667110934,0.8688279901381352,0.8872274182717567,0.9366439662904292,0.957968989284618,0.941278154880209,0.9320618799140998,0.9378463768068168,0.958824450404879,0.9438078351869382,0.9319629306702828,0.9430720970746904,0.9621576610598576,0.9458159436588915,0.9403485197531298,161706,323412,0.5,0.9430720970746904,0.0488772158752768,0.0541029361431503,0.1110308390684599,0.0052257202678734,48.72784588234201
23,44,False,False,True,True,False,False,False,False,0.8889691609315401,0.9279515498836034,0.9139810652785872,0.8652987416337939,0.9244485961526124,0.9503316719656102,0.9376516605602812,0.911617366788019,0.7258610863600603,0.8093804066051973,0.6969818272797387,0.7575971643357221,0.8779242644072964,0.9177519667110934,0.8688279901381352,0.8872274182717567,0.9366439662904292,0.957968989284618,0.941278154880209,0.9320618799140998,0.9378463768068168,0.958824450404879,0.9438078351869382,0.9319629306702828,0.9430720970746904,0.9621576610598576,0.9458159436588915,0.9403485197531298,161706,323412,0.5,0.9430720970746904,0.0488772158752768,0.0541029361431503,0.1110308390684599,0.0052257202678734,48.72784588234201
24,59,False,False,False,True,False,True,False,False,0.8756601144449447,0.951670315263503,0.9019112878064452,0.8509022668101089,0.9043788861020502,0.9623093762754628,0.9179711662481288,0.8911852229268769,0.5678021285645476,0.8543776977972369,0.6958083468163195,0.5047575511672616,0.850869297444557,0.9398859658887118,0.8444820383280822,0.8574326893692248,0.918755800388716,0.9675237777200598,0.919369224797762,0.918147759640732,0.9271584664596196,0.9709522219336326,0.9300165723552688,0.9243194519671812,0.9295541343406392,0.971790780799723,0.9285465063261904,0.9305653596207232,80853,323412,0.25,0.9295541343406392,0.051498352014675,0.0538940198956945,0.1243398855550552,0.0023956678810195,43.34411251475
25,50,False,False,True,False,False,True,False,False,0.8756601144449447,0.951670315263503,0.9019112878064452,0.8509022668101089,0.9043788861020502,0.9623093762754628,0.9179711662481288,0.8911852229268769,0.5678021285645476,0.8543776977972369,0.6958083468163195,0.5047575511672616,0.850869297444557,0.9398859658887118,0.8444820383280822,0.8574326893692248,0.918755800388716,0.9675237777200598,0.919369224797762,0.918147759640732,0.9271584664596196,0.9709522219336326,0.9300165723552688,0.9243194519671812,0.9295541343406392,0.971790780799723,0.9285465063261904,0.9305653596207232,80853,323412,0.25,0.9295541343406392,0.051498352014675,0.0538940198956945,0.1243398855550552,0.0023956678810195,43.34411251475
26,41,False,False,True,True,False,True,False,False,0.8756601144449447,0.951670315263503,0.9019112878064452,0.8509022668101089,0.9043788861020502,0.9623093762754628,0.9179711662481288,0.8911852229268769,0.5678021285645476,0.8543776977972369,0.6958083468163195,0.5047575511672616,0.850869297444557,0.9398859658887118,0.8444820383280822,0.8574326893692248,0.918755800388716,0.9675237777200598,0.919369224797762,0.918147759640732,0.9271584664596196,0.9709522219336326,0.9300165723552688,0.9243194519671812,0.9295541343406392,0.971790780799723,0.9285465063261904,0.9305653596207232,80853,323412,0.25,0.9295541343406392,0.051498352014675,0.0538940198956945,0.1243398855550552,0.0023956678810195,43.34411251475
27,68,False,False,False,False,False,True,False,False,0.8756601144449447,0.951670315263503,0.9019112878064452,0.8509022668101089,0.9043788861020502,0.9623093762754628,0.9179711662481288,0.8911852229268769,0.5678021285645476,0.8543776977972369,0.6958083468163195,0.5047575511672616,0.850869297444557,0.9398859658887118,0.8444820383280822,0.8574326893692248,0.918755800388716,0.9675237777200598,0.919369224797762,0.918147759640732,0.9271584664596196,0.9709522219336326,0.9300165723552688,0.9243194519671812,0.9295541343406392,0.971790780799723,0.9285465063261904,0.9305653596207232,80853,323412,0.25,0.9295541343406392,0.051498352014675,0.0538940198956945,0.1243398855550552,0.0023956678810195,43.34411251475
28,29,False,True,False,False,True,False,False,False,0.9021955289482694,0.9363907383686992,0.9253781631700502,0.8801528553809975,0.942379186878386,0.9620628446400292,0.9543678340990004,0.930689046223557,0.7860006579638779,0.8468455070053474,0.7356590051715004,0.843802865685601,0.906912703563746,0.937940880917904,0.9069284909987684,0.9069174687487892,0.9544953476978064,0.9699248486348252,0.9628625285372192,0.9462728766885238,0.9480551594400216,0.9656743350452736,0.9565297161624958,0.9397301222589878,0.9557620869630246,0.9707081603204106,0.962336789604443,0.9492783324111008,80853,161706,0.5,0.9557620869630246,0.0458596304917521,0.0535665580147551,0.0978044710517306,0.007706927523003,54.76902787646878
29,11,False,True,True,False,True,False,False,False,0.9021955289482694,0.9363907383686992,0.9253781631700502,0.8801528553809975,0.942379186878386,0.9620628446400292,0.9543678340990004,0.930689046223557,0.7860006579638779,0.8468455070053474,0.7356590051715004,0.843802865685601,0.906912703563746,0.937940880917904,0.9069284909987684,0.9069174687487892,0.9544953476978064,0.9699248486348252,0.9628625285372192,0.9462728766885238,0.9480551594400216,0.9656743350452736,0.9565297161624958,0.9397301222589878,0.9557620869630246,0.9707081603204106,0.962336789604443,0.9492783324111008,80853,161706,0.5,0.9557620869630246,0.0458596304917521,0.0535665580147551,0.0978044710517306,0.007706927523003,54.76902787646878
30,20,False,True,False,True,True,False,False,False,0.9021955289482694,0.9363907383686992,0.9253781631700502,0.8801528553809975,0.942379186878386,0.9620628446400292,0.9543678340990004,0.930689046223557,0.7860006579638779,0.8468455070053474,0.7356590051715004,0.843802865685601,0.906912703563746,0.937940880917904,0.9069284909987684,0.9069174687487892,0.9544953476978064,0.9699248486348252,0.9628625285372192,0.9462728766885238,0.9480551594400216,0.9656743350452736,0.9565297161624958,0.9397301222589878,0.9557620869630246,0.9707081603204106,0.962336789604443,0.9492783324111008,80853,161706,0.5,0.9557620869630246,0.0458596304917521,0.0535665580147551,0.0978044710517306,0.007706927523003,54.76902787646878
31,2,False,True,True,True,True,False,False,False,0.9021955289482694,0.9363907383686992,0.9253781631700502,0.8801528553809975,0.942379186878386,0.9620628446400292,0.9543678340990004,0.930689046223557,0.7860006579638779,0.8468455070053474,0.7356590051715004,0.843802865685601,0.906912703563746,0.937940880917904,0.9069284909987684,0.9069174687487892,0.9544953476978064,0.9699248486348252,0.9628625285372192,0.9462728766885238,0.9480551594400216,0.9656743350452736,0.9565297161624958,0.9397301222589878,0.9557620869630246,0.9707081603204106,0.962336789604443,0.9492783324111008,80853,161706,0.5,0.9557620869630246,0.0458596304917521,0.0535665580147551,0.0978044710517306,0.007706927523003,54.76902787646878
32,56,False,False,False,True,True,False,False,False,0.903161180999796,0.9621980631516456,0.9260273592675649,0.8814020058583077,0.9431697886064274,0.9775543269884852,0.9553552342150284,0.9312950487001036,0.776265368268182,0.9066651824916824,0.745621328574984,0.8096297597411585,0.9068986423840778,0.9627942067703116,0.9077733608041704,0.9060516304047492,0.9549968380199988,0.9821552694396004,0.9634492276116652,0.9466933687648018,0.9489297749191608,0.9797632740900152,0.9579938231634586,0.9400393070242976,0.955989611361101,0.9825213659357106,0.9629197006450244,0.949166999094824,80853,323412,0.25,0.955989611361101,0.0457685939193647,0.0528284303613049,0.0968388190002038,0.0070598364419401,54.55294778139922
33,65,False,False,False,False,True,False,False,False,0.903161180999796,0.9621980631516456,0.9260273592675649,0.8814020058583077,0.9431697886064274,0.9775543269884852,0.9553552342150284,0.9312950487001036,0.776265368268182,0.9066651824916824,0.745621328574984,0.8096297597411585,0.9068986423840778,0.9627942067703116,0.9077733608041704,0.9060516304047492,0.9549968380199988,0.9821552694396004,0.9634492276116652,0.9466933687648018,0.9489297749191608,0.9797632740900152,0.9579938231634586,0.9400393070242976,0.955989611361101,0.9825213659357106,0.9629197006450244,0.949166999094824,80853,323412,0.25,0.955989611361101,0.0457685939193647,0.0528284303613049,0.0968388190002038,0.0070598364419401,54.55294778139922
34,47,False,False,True,False,True,False,False,False,0.903161180999796,0.9621980631516456,0.9260273592675649,0.8814020058583077,0.9431697886064274,0.9775543269884852,0.9553552342150284,0.9312950487001036,0.776265368268182,0.9066651824916824,0.745621328574984,0.8096297597411585,0.9068986423840778,0.9627942067703116,0.9077733608041704,0.9060516304047492,0.9549968380199988,0.9821552694396004,0.9634492276116652,0.9466933687648018,0.9489297749191608,0.9797632740900152,0.9579938231634586,0.9400393070242976,0.955989611361101,0.9825213659357106,0.9629197006450244,0.949166999094824,80853,323412,0.25,0.955989611361101,0.0457685939193647,0.0528284303613049,0.0968388190002038,0.0070598364419401,54.55294778139922
35,38,False,False,True,True,True,False,False,False,0.903161180999796,0.9621980631516456,0.9260273592675649,0.8814020058583077,0.9431697886064274,0.9775543269884852,0.9553552342150284,0.9312950487001036,0.776265368268182,0.9066651824916824,0.745621328574984,0.8096297597411585,0.9068986423840778,0.9627942067703116,0.9077733608041704,0.9060516304047492,0.9549968380199988,0.9821552694396004,0.9634492276116652,0.9466933687648018,0.9489297749191608,0.9797632740900152,0.9579938231634586,0.9400393070242976,0.955989611361101,0.9825213659357106,0.9629197006450244,0.949166999094824,80853,323412,0.25,0.955989611361101,0.0457685939193647,0.0528284303613049,0.0968388190002038,0.0070598364419401,54.55294778139922
36,35,False,True,False,False,False,False,False,False,0.951593633840367,0.9521879213725564,0.963567452133671,0.9399156537387838,0.9716547306163822,0.9718346880907404,0.9779020464428452,0.9654867477018916,0.8882088343137335,0.8831397708052666,0.8512869622023939,0.928506088948091,0.9530728556576128,0.9530567816379112,0.9527587315535544,0.9533907320568472,0.9775225248760784,0.9776167876622156,0.9816471957753948,0.973433272328996,0.9744357738557236,0.9745525824599784,0.9789300821492768,0.96998255887428,0.978359606377658,0.9784330802514296,0.9816948732895632,0.9750473088386438,161706,161706,1.0,0.978359606377658,0.0228421400153565,0.0267659725372909,0.048406366159633,0.0039238325219344,55.294323166136806
37,26,False,True,False,True,False,False,False,False,0.951593633840367,0.9521879213725564,0.963567452133671,0.9399156537387838,0.9716547306163822,0.9718346880907404,0.9779020464428452,0.9654867477018916,0.8882088343137335,0.8831397708052666,0.8512869622023939,0.928506088948091,0.9530728556576128,0.9530567816379112,0.9527587315535544,0.9533907320568472,0.9775225248760784,0.9776167876622156,0.9816471957753948,0.973433272328996,0.9744357738557236,0.9745525824599784,0.9789300821492768,0.96998255887428,0.978359606377658,0.9784330802514296,0.9816948732895632,0.9750473088386438,161706,161706,1.0,0.978359606377658,0.0228421400153565,0.0267659725372909,0.048406366159633,0.0039238325219344,55.294323166136806
38,17,False,True,True,False,False,False,False,False,0.951593633840367,0.9521879213725564,0.963567452133671,0.9399156537387838,0.9716547306163822,0.9718346880907404,0.9779020464428452,0.9654867477018916,0.8882088343137335,0.8831397708052666,0.8512869622023939,0.928506088948091,0.9530728556576128,0.9530567816379112,0.9527587315535544,0.9533907320568472,0.9775225248760784,0.9776167876622156,0.9816471957753948,0.973433272328996,0.9744357738557236,0.9745525824599784,0.9789300821492768,0.96998255887428,0.978359606377658,0.9784330802514296,0.9816948732895632,0.9750473088386438,161706,161706,1.0,0.978359606377658,0.0228421400153565,0.0267659725372909,0.048406366159633,0.0039238325219344,55.294323166136806
39,8,False,True,True,True,False,False,False,False,0.951593633840367,0.9521879213725564,0.963567452133671,0.9399156537387838,0.9716547306163822,0.9718346880907404,0.9779020464428452,0.9654867477018916,0.8882088343137335,0.8831397708052666,0.8512869622023939,0.928506088948091,0.9530728556576128,0.9530567816379112,0.9527587315535544,0.9533907320568472,0.9775225248760784,0.9776167876622156,0.9816471957753948,0.973433272328996,0.9744357738557236,0.9745525824599784,0.9789300821492768,0.96998255887428,0.978359606377658,0.9784330802514296,0.9816948732895632,0.9750473088386438,161706,161706,1.0,0.978359606377658,0.0228421400153565,0.0267659725372909,0.048406366159633,0.0039238325219344,55.294323166136806
40,69,False,False,False,False,False,False,True,False,0.9957562469701642,0.99716963271047,0.9953320589709216,0.9961810314679698,0.990563080973322,0.9937230819930438,0.992858451639383,0.9882790257147104,0.9559701183654978,0.970030611376664,0.9366968429909212,0.976060363677109,0.9936320336599236,0.9957375211447924,0.989662993405721,0.9976334551638169,0.9960536868500846,0.9973659977392954,0.9949239333159172,0.9971865597707618,0.9971749884458192,0.99811421677246,0.995937847991318,0.9984155347385024,0.99756065438539,0.9983715226604426,0.9962424173703528,0.998882749654207,98456,196912,0.5,0.99756065438539,0.0014187414756549,0.0018044074152258,0.0042437530298358,0.0003856659395709,42.51914290346004
41,51,False,False,True,False,False,False,True,False,0.9957562469701642,0.99716963271047,0.9953320589709216,0.9961810314679698,0.990563080973322,0.9937230819930438,0.992858451639383,0.9882790257147104,0.9559701183654978,0.970030611376664,0.9366968429909212,0.976060363677109,0.9936320336599236,0.9957375211447924,0.989662993405721,0.9976334551638169,0.9960536868500846,0.9973659977392954,0.9949239333159172,0.9971865597707618,0.9971749884458192,0.99811421677246,0.995937847991318,0.9984155347385024,0.99756065438539,0.9983715226604426,0.9962424173703528,0.998882749654207,98456,196912,0.5,0.99756065438539,0.0014187414756549,0.0018044074152258,0.0042437530298358,0.0003856659395709,42.51914290346004
42,60,False,False,False,True,False,False,True,False,0.9957562469701642,0.99716963271047,0.9953320589709216,0.9961810314679698,0.990563080973322,0.9937230819930438,0.992858451639383,0.9882790257147104,0.9559701183654978,0.970030611376664,0.9366968429909212,0.976060363677109,0.9936320336599236,0.9957375211447924,0.989662993405721,0.9976334551638169,0.9960536868500846,0.9973659977392954,0.9949239333159172,0.9971865597707618,0.9971749884458192,0.99811421677246,0.995937847991318,0.9984155347385024,0.99756065438539,0.9983715226604426,0.9962424173703528,0.998882749654207,98456,196912,0.5,0.99756065438539,0.0014187414756549,0.0018044074152258,0.0042437530298358,0.0003856659395709,42.51914290346004
43,42,False,False,True,True,False,False,True,False,0.9957562469701642,0.99716963271047,0.9953320589709216,0.9961810314679698,0.990563080973322,0.9937230819930438,0.992858451639383,0.9882790257147104,0.9559701183654978,0.970030611376664,0.9366968429909212,0.976060363677109,0.9936320336599236,0.9957375211447924,0.989662993405721,0.9976334551638169,0.9960536868500846,0.9973659977392954,0.9949239333159172,0.9971865597707618,0.9971749884458192,0.99811421677246,0.995937847991318,0.9984155347385024,0.99756065438539,0.9983715226604426,0.9962424173703528,0.998882749654207,98456,196912,0.5,0.99756065438539,0.0014187414756549,0.0018044074152258,0.0042437530298358,0.0003856659395709,42.51914290346004
44,39,False,False,True,True,False,True,True,False,0.9939923964701306,0.99759486471114,0.9931472623388006,0.9948403359940132,0.984896708434033,0.99398716177785,0.9896259697099068,0.980214533887897,0.9221934641472772,0.968351344763143,0.906944540799144,0.9380028714421492,0.9895524784835528,0.9957910132444951,0.9825784790808202,0.9966279753403016,0.993645744723889,0.9974526692126432,0.991568045185622,0.9957341515406328,0.9957312645404646,0.99828959128951,0.9941099905209329,0.9973592429560484,0.9957945392609292,0.9983139676606808,0.993651483565267,0.9979483456092282,49228,196912,0.25,0.9957945392609292,0.0017388680703339,0.0018021427907984,0.0060076035298693,6.327472046452343e-05,29.99769844728196
45,57,False,False,False,True,False,True,True,False,0.9939923964701306,0.99759486471114,0.9931472623388006,0.9948403359940132,0.984896708434033,0.99398716177785,0.9896259697099068,0.980214533887897,0.9221934641472772,0.968351344763143,0.906944540799144,0.9380028714421492,0.9895524784835528,0.9957910132444951,0.9825784790808202,0.9966279753403016,0.993645744723889,0.9974526692126432,0.991568045185622,0.9957341515406328,0.9957312645404646,0.99828959128951,0.9941099905209329,0.9973592429560484,0.9957945392609292,0.9983139676606808,0.993651483565267,0.9979483456092282,49228,196912,0.25,0.9957945392609292,0.0017388680703339,0.0018021427907984,0.0060076035298693,6.327472046452343e-05,29.99769844728196
46,48,False,False,True,False,False,True,True,False,0.9939923964701306,0.99759486471114,0.9931472623388006,0.9948403359940132,0.984896708434033,0.99398716177785,0.9896259697099068,0.980214533887897,0.9221934641472772,0.968351344763143,0.906944540799144,0.9380028714421492,0.9895524784835528,0.9957910132444951,0.9825784790808202,0.9966279753403016,0.993645744723889,0.9974526692126432,0.991568045185622,0.9957341515406328,0.9957312645404646,0.99828959128951,0.9941099905209329,0.9973592429560484,0.9957945392609292,0.9983139676606808,0.993651483565267,0.9979483456092282,49228,196912,0.25,0.9957945392609292,0.0017388680703339,0.0018021427907984,0.0060076035298693,6.327472046452343e-05,29.99769844728196
47,66,False,False,False,False,False,True,True,False,0.9939923964701306,0.99759486471114,0.9931472623388006,0.9948403359940132,0.984896708434033,0.99398716177785,0.9896259697099068,0.980214533887897,0.9221934641472772,0.968351344763143,0.906944540799144,0.9380028714421492,0.9895524784835528,0.9957910132444951,0.9825784790808202,0.9966279753403016,0.993645744723889,0.9974526692126432,0.991568045185622,0.9957341515406328,0.9957312645404646,0.99828959128951,0.9941099905209329,0.9973592429560484,0.9957945392609292,0.9983139676606808,0.993651483565267,0.9979483456092282,49228,196912,0.25,0.9957945392609292,0.0017388680703339,0.0018021427907984,0.0060076035298693,6.327472046452343e-05,29.99769844728196
48,54,False,False,False,True,True,False,True,False,0.9974395571002744,0.9989761924108232,0.997804596813888,0.9970748243106357,0.9959976631532452,0.998399284959779,0.9960992215385774,0.9958966437634236,0.9863934762846028,0.9945315674006664,0.9817503961547074,0.9910822997162912,0.998740996903034,0.9994962216624684,0.998396778564959,0.999085879889042,0.998740907402096,0.9994962216624684,0.9984977872461376,0.998984309612316,0.9986496487033945,0.9994596571057122,0.9982950546570712,0.9990046244929662,0.9989238928665952,0.9995693507759812,0.9984983064048818,0.9993499588946568,49228,196912,0.25,0.9989238928665952,0.0012100916031201,0.0014843357663207,0.0025604428997256,0.0002742441632006,57.9718362975334
49,63,False,False,False,False,True,False,True,False,0.9974395571002744,0.9989761924108232,0.997804596813888,0.9970748243106357,0.9959976631532452,0.998399284959779,0.9960992215385774,0.9958966437634236,0.9863934762846028,0.9945315674006664,0.9817503961547074,0.9910822997162912,0.998740996903034,0.9994962216624684,0.998396778564959,0.999085879889042,0.998740907402096,0.9994962216624684,0.9984977872461376,0.998984309612316,0.9986496487033945,0.9994596571057122,0.9982950546570712,0.9990046244929662,0.9989238928665952,0.9995693507759812,0.9984983064048818,0.9993499588946568,49228,196912,0.25,0.9989238928665952,0.0012100916031201,0.0014843357663207,0.0025604428997256,0.0002742441632006,57.9718362975334
50,36,False,False,True,True,True,False,True,False,0.9974395571002744,0.9989761924108232,0.997804596813888,0.9970748243106357,0.9959976631532452,0.998399284959779,0.9960992215385774,0.9958966437634236,0.9863934762846028,0.9945315674006664,0.9817503961547074,0.9910822997162912,0.998740996903034,0.9994962216624684,0.998396778564959,0.999085879889042,0.998740907402096,0.9994962216624684,0.9984977872461376,0.998984309612316,0.9986496487033945,0.9994596571057122,0.9982950546570712,0.9990046244929662,0.9989238928665952,0.9995693507759812,0.9984983064048818,0.9993499588946568,49228,196912,0.25,0.9989238928665952,0.0012100916031201,0.0014843357663207,0.0025604428997256,0.0002742441632006,57.9718362975334
51,45,False,False,True,False,True,False,True,False,0.9974395571002744,0.9989761924108232,0.997804596813888,0.9970748243106357,0.9959976631532452,0.998399284959779,0.9960992215385774,0.9958966437634236,0.9863934762846028,0.9945315674006664,0.9817503961547074,0.9910822997162912,0.998740996903034,0.9994962216624684,0.998396778564959,0.999085879889042,0.998740907402096,0.9994962216624684,0.9984977872461376,0.998984309612316,0.9986496487033945,0.9994596571057122,0.9982950546570712,0.9990046244929662,0.9989238928665952,0.9995693507759812,0.9984983064048818,0.9993499588946568,49228,196912,0.25,0.9989238928665952,0.0012100916031201,0.0014843357663207,0.0025604428997256,0.0002742441632006,57.9718362975334
52,18,False,True,False,True,True,False,True,False,0.9977947463211873,0.9985306461484617,0.9982922636782744,0.9972982921243112,0.996302045342576,0.9975352811892724,0.9965656049956262,0.9960388396749248,0.9856997521595542,0.990411962780142,0.9801588152041412,0.9913057799095404,0.9988322815965608,0.999221310365232,0.9985991885699088,0.9990655753247032,0.9989538635528112,0.9993025653026184,0.9989438281453726,0.9989640133010268,0.9987105366941408,0.9991400563448506,0.9983760919021368,0.9990452625073156,0.999197781367992,0.9994650749481404,0.9990254259065252,0.999370282028356,49228,98456,0.5,0.999197781367992,0.0009157903729536,0.0014030350468047,0.0022052536788127,0.000487244673851,63.62238776810851
53,0,False,True,True,True,True,False,True,False,0.9977947463211873,0.9985306461484617,0.9982922636782744,0.9972982921243112,0.996302045342576,0.9975352811892724,0.9965656049956262,0.9960388396749248,0.9856997521595542,0.990411962780142,0.9801588152041412,0.9913057799095404,0.9988322815965608,0.999221310365232,0.9985991885699088,0.9990655753247032,0.9989538635528112,0.9993025653026184,0.9989438281453726,0.9989640133010268,0.9987105366941408,0.9991400563448506,0.9983760919021368,0.9990452625073156,0.999197781367992,0.9994650749481404,0.9990254259065252,0.999370282028356,49228,98456,0.5,0.999197781367992,0.0009157903729536,0.0014030350468047,0.0022052536788127,0.000487244673851,63.62238776810851
54,9,False,True,True,False,True,False,True,False,0.9977947463211873,0.9985306461484617,0.9982922636782744,0.9972982921243112,0.996302045342576,0.9975352811892724,0.9965656049956262,0.9960388396749248,0.9856997521595542,0.990411962780142,0.9801588152041412,0.9913057799095404,0.9988322815965608,0.999221310365232,0.9985991885699088,0.9990655753247032,0.9989538635528112,0.9993025653026184,0.9989438281453726,0.9989640133010268,0.9987105366941408,0.9991400563448506,0.9983760919021368,0.9990452625073156,0.999197781367992,0.9994650749481404,0.9990254259065252,0.999370282028356,49228,98456,0.5,0.999197781367992,0.0009157903729536,0.0014030350468047,0.0022052536788127,0.000487244673851,63.62238776810851
55,27,False,True,False,False,True,False,True,False,0.9977947463211873,0.9985306461484617,0.9982922636782744,0.9972982921243112,0.996302045342576,0.9975352811892724,0.9965656049956262,0.9960388396749248,0.9856997521595542,0.990411962780142,0.9801588152041412,0.9913057799095404,0.9988322815965608,0.999221310365232,0.9985991885699088,0.9990655753247032,0.9989538635528112,0.9993025653026184,0.9989438281453726,0.9989640133010268,0.9987105366941408,0.9991400563448506,0.9983760919021368,0.9990452625073156,0.999197781367992,0.9994650749481404,0.9990254259065252,0.999370282028356,49228,98456,0.5,0.999197781367992,0.0009157903729536,0.0014030350468047,0.0022052536788127,0.000487244673851,63.62238776810851
56,15,False,True,True,False,False,False,True,False,0.9987606253528016,0.998760868881807,0.9989636272803682,0.9985577321970576,0.9979735534374232,0.9979737157450947,0.9980497862249028,0.9978975419056436,0.9919325961117448,0.9918999319002751,0.9879604024974586,0.9959372668277394,0.9993501241584476,0.9993499640543057,0.9991269766566104,0.9995734138138072,0.999385618870709,0.999385513032096,0.9992283851004726,0.9995429456193042,0.999238467862094,0.999238239819249,0.998944328335332,0.9995327892106104,0.9995227704751968,0.9995226306099656,0.9992488525340636,0.9997968651208604,98456,98456,1.0,0.9995227704751968,0.0004778425092923,0.000762145122395,0.0012393746471983,0.0002843026131026,61.494328943865085
57,24,False,True,False,True,False,False,True,False,0.9987606253528016,0.998760868881807,0.9989636272803682,0.9985577321970576,0.9979735534374232,0.9979737157450947,0.9980497862249028,0.9978975419056436,0.9919325961117448,0.9918999319002751,0.9879604024974586,0.9959372668277394,0.9993501241584476,0.9993499640543057,0.9991269766566104,0.9995734138138072,0.999385618870709,0.999385513032096,0.9992283851004726,0.9995429456193042,0.999238467862094,0.999238239819249,0.998944328335332,0.9995327892106104,0.9995227704751968,0.9995226306099656,0.9992488525340636,0.9997968651208604,98456,98456,1.0,0.9995227704751968,0.0004778425092923,0.000762145122395,0.0012393746471983,0.0002843026131026,61.494328943865085
58,6,False,True,True,True,False,False,True,False,0.9987606253528016,0.998760868881807,0.9989636272803682,0.9985577321970576,0.9979735534374232,0.9979737157450947,0.9980497862249028,0.9978975419056436,0.9919325961117448,0.9918999319002751,0.9879604024974586,0.9959372668277394,0.9993501241584476,0.9993499640543057,0.9991269766566104,0.9995734138138072,0.999385618870709,0.999385513032096,0.9992283851004726,0.9995429456193042,0.999238467862094,0.999238239819249,0.998944328335332,0.9995327892106104,0.9995227704751968,0.9995226306099656,0.9992488525340636,0.9997968651208604,98456,98456,1.0,0.9995227704751968,0.0004778425092923,0.000762145122395,0.0012393746471983,0.0002843026131026,61.494328943865085
59,33,False,True,False,False,False,False,True,False,0.9987606253528016,0.998760868881807,0.9989636272803682,0.9985577321970576,0.9979735534374232,0.9979737157450947,0.9980497862249028,0.9978975419056436,0.9919325961117448,0.9918999319002751,0.9879604024974586,0.9959372668277394,0.9993501241584476,0.9993499640543057,0.9991269766566104,0.9995734138138072,0.999385618870709,0.999385513032096,0.9992283851004726,0.9995429456193042,0.999238467862094,0.999238239819249,0.998944328335332,0.9995327892106104,0.9995227704751968,0.9995226306099656,0.9992488525340636,0.9997968651208604,98456,98456,1.0,0.9995227704751968,0.0004778425092923,0.000762145122395,0.0012393746471983,0.0002843026131026,61.494328943865085
60,30,False,True,False,False,False,True,True,False,0.9999796861510336,0.9999864576632698,1.0,0.9999593743652244,1.0,1.0,1.0,1.0,0.9999695271631308,0.9999796864949048,1.0,0.9999390594845744,1.0,1.0,1.0,1.0,1.0,1.0,1.0,1.0,1.0,1.0,1.0,1.0,1.0,1.0,1.0,1.0,49228,98456,0.5,1.0,2.0313848966502235e-05,2.0313848966502235e-05,2.0313848966502235e-05,0.0,100.0
61,21,False,True,False,True,False,True,True,False,0.9999796861510336,0.9999864576632698,1.0,0.9999593743652244,1.0,1.0,1.0,1.0,0.9999695271631308,0.9999796864949048,1.0,0.9999390594845744,1.0,1.0,1.0,1.0,1.0,1.0,1.0,1.0,1.0,1.0,1.0,1.0,1.0,1.0,1.0,1.0,49228,98456,0.5,1.0,2.0313848966502235e-05,2.0313848966502235e-05,2.0313848966502235e-05,0.0,100.0
62,12,False,True,True,False,False,True,True,False,0.9999796861510336,0.9999864576632698,1.0,0.9999593743652244,1.0,1.0,1.0,1.0,0.9999695271631308,0.9999796864949048,1.0,0.9999390594845744,1.0,1.0,1.0,1.0,1.0,1.0,1.0,1.0,1.0,1.0,1.0,1.0,1.0,1.0,1.0,1.0,49228,98456,0.5,1.0,2.0313848966502235e-05,2.0313848966502235e-05,2.0313848966502235e-05,0.0,100.0
63,3,False,True,True,True,False,True,True,False,0.9999796861510336,0.9999864576632698,1.0,0.9999593743652244,1.0,1.0,1.0,1.0,0.9999695271631308,0.9999796864949048,1.0,0.9999390594845744,1.0,1.0,1.0,1.0,1.0,1.0,1.0,1.0,1.0,1.0,1.0,1.0,1.0,1.0,1.0,1.0,49228,98456,0.5,1.0,2.0313848966502235e-05,2.0313848966502235e-05,2.0313848966502235e-05,0.0,100.0
64,32,False,True,False,False,False,True,False,False,0.9999938158993228,0.9999958773087072,1.0,0.999987632181065,1.0,1.0,1.0,1.0,0.9999628961607044,0.9999752638522428,0.9999752658916646,0.9999505279593977,1.0,1.0,1.0,1.0,1.0,1.0,1.0,1.0,1.0,1.0,1.0,1.0,1.0,1.0,1.0,1.0,80853,161706,0.5,1.0,6.184100677208981e-06,6.184100677208981e-06,6.184100677208981e-06,0.0,100.0
65,5,False,True,True,True,False,True,False,False,0.9999938158993228,0.9999958773087072,1.0,0.999987632181065,1.0,1.0,1.0,1.0,0.9999628961607044,0.9999752638522428,0.9999752658916646,0.9999505279593977,1.0,1.0,1.0,1.0,1.0,1.0,1.0,1.0,1.0,1.0,1.0,1.0,1.0,1.0,1.0,1.0,80853,161706,0.5,1.0,6.184100677208981e-06,6.184100677208981e-06,6.184100677208981e-06,0.0,100.0
66,23,False,True,False,True,False,True,False,False,0.9999938158993228,0.9999958773087072,1.0,0.999987632181065,1.0,1.0,1.0,1.0,0.9999628961607044,0.9999752638522428,0.9999752658916646,0.9999505279593977,1.0,1.0,1.0,1.0,1.0,1.0,1.0,1.0,1.0,1.0,1.0,1.0,1.0,1.0,1.0,1.0,80853,161706,0.5,1.0,6.184100677208981e-06,6.184100677208981e-06,6.184100677208981e-06,0.0,100.0
67,14,False,True,True,False,False,True,False,False,0.9999938158993228,0.9999958773087072,1.0,0.999987632181065,1.0,1.0,1.0,1.0,0.9999628961607044,0.9999752638522428,0.9999752658916646,0.9999505279593977,1.0,1.0,1.0,1.0,1.0,1.0,1.0,1.0,1.0,1.0,1.0,1.0,1.0,1.0,1.0,1.0,80853,161706,0.5,1.0,6.184100677208981e-06,6.184100677208981e-06,6.184100677208981e-06,0.0,100.0
68,31,False,True,False,False,False,True,False,True,1.0,1.0,1.0,1.0,1.0,1.0,1.0,1.0,1.0,1.0,1.0,1.0,1.0,1.0,1.0,1.0,1.0,1.0,1.0,1.0,1.0,1.0,1.0,1.0,1.0,1.0,1.0,1.0,31625,63250,0.5,1.0,0.0,0.0,0.0,0.0,
69,13,False,True,True,False,False,True,False,True,1.0,1.0,1.0,1.0,1.0,1.0,1.0,1.0,1.0,1.0,1.0,1.0,1.0,1.0,1.0,1.0,1.0,1.0,1.0,1.0,1.0,1.0,1.0,1.0,1.0,1.0,1.0,1.0,31625,63250,0.5,1.0,0.0,0.0,0.0,0.0,
70,22,False,True,False,True,False,True,False,True,1.0,1.0,1.0,1.0,1.0,1.0,1.0,1.0,1.0,1.0,1.0,1.0,1.0,1.0,1.0,1.0,1.0,1.0,1.0,1.0,1.0,1.0,1.0,1.0,1.0,1.0,1.0,1.0,31625,63250,0.5,1.0,0.0,0.0,0.0,0.0,
71,4,False,True,True,True,False,True,False,True,1.0,1.0,1.0,1.0,1.0,1.0,1.0,1.0,1.0,1.0,1.0,1.0,1.0,1.0,1.0,1.0,1.0,1.0,1.0,1.0,1.0,1.0,1.0,1.0,1.0,1.0,1.0,1.0,31625,63250,0.5,1.0,0.0,0.0,0.0,0.0,
