,exclude_plaintext_nonbase32,exclude_plaintext_base32,exclude_encrypted_v1,exclude_encrypted_v2,exclude_encrypted_base32,exclude_encrypted_nonbase32,exclude_webp,exclude_nonwebp,baseline-f1_score,baseline-accuracy_score,baseline-precision_score,baseline-recall_score,advanced-only-f1_score,advanced-only-accuracy_score,advanced-only-precision_score,advanced-only-recall_score,fourier-only-f1_score,fourier-only-accuracy_score,fourier-only-precision_score,fourier-only-recall_score,baseline-and-fourier-f1_score,baseline-and-fourier-accuracy_score,baseline-and-fourier-precision_score,baseline-and-fourier-recall_score,advanced-and-fourier-f1_score,advanced-and-fourier-accuracy_score,advanced-and-fourier-precision_score,advanced-and-fourier-recall_score,advanced-f1_score,advanced-accuracy_score,advanced-precision_score,advanced-recall_score,fourier-f1_score,fourier-accuracy_score,fourier-precision_score,fourier-recall_score,n_encrypted,n_non_encrypted,ratio_encrypt_nonencrypt,best_f1_score,improvement_in_advanced,improvement_in_fourier
10,True,True,True,False,True,False,False,True,0.7962343207764085,0.7738999959446856,0.7340059041709024,0.8699944093922211,0.8388528285613045,0.8292550387282533,0.8054094899773382,0.8752016612091686,0.8069926197182712,0.7674114927612636,0.697321799626051,0.9576072198706175,0.8208053421063752,0.7926031063708991,0.7311883593044246,0.9354684130660491,0.849538320193075,0.8410478932641225,0.8178845326671633,0.8837473045283923,0.8445154173214752,0.835443448639442,0.8116853678091946,0.8801213960546284,0.8527218746832721,0.8442353704529786,0.8201032244941022,0.8880600591007107,62605,60690,1.0315537979897842,0.8527218746832721,0.048281096545066626,0.05648755390686355
64,True,False,False,False,True,False,False,True,0.7962343207764085,0.7738999959446856,0.7340059041709024,0.8699944093922211,0.8388528285613045,0.8292550387282533,0.8054094899773382,0.8752016612091686,0.8069926197182712,0.7674114927612636,0.697321799626051,0.9576072198706175,0.8208053421063752,0.7926031063708991,0.7311883593044246,0.9354684130660491,0.849538320193075,0.8410478932641225,0.8178845326671633,0.8837473045283923,0.8445154173214752,0.835443448639442,0.8116853678091946,0.8801213960546284,0.8527218746832721,0.8442353704529786,0.8201032244941022,0.8880600591007107,62605,60690,1.0315537979897842,0.8527218746832721,0.048281096545066626,0.05648755390686355
1,True,True,True,True,True,False,False,True,0.7962343207764085,0.7738999959446856,0.7340059041709024,0.8699944093922211,0.8388528285613045,0.8292550387282533,0.8054094899773382,0.8752016612091686,0.8069926197182712,0.7674114927612636,0.697321799626051,0.9576072198706175,0.8208053421063752,0.7926031063708991,0.7311883593044246,0.9354684130660491,0.849538320193075,0.8410478932641225,0.8178845326671633,0.8837473045283923,0.8445154173214752,0.835443448639442,0.8116853678091946,0.8801213960546284,0.8527218746832721,0.8442353704529786,0.8201032244941022,0.8880600591007107,62605,60690,1.0315537979897842,0.8527218746832721,0.048281096545066626,0.05648755390686355
73,False,True,True,True,True,False,False,True,0.7962343207764085,0.7738999959446856,0.7340059041709024,0.8699944093922211,0.8388528285613045,0.8292550387282533,0.8054094899773382,0.8752016612091686,0.8069926197182712,0.7674114927612636,0.697321799626051,0.9576072198706175,0.8208053421063752,0.7926031063708991,0.7311883593044246,0.9354684130660491,0.849538320193075,0.8410478932641225,0.8178845326671633,0.8837473045283923,0.8445154173214752,0.835443448639442,0.8116853678091946,0.8801213960546284,0.8527218746832721,0.8442353704529786,0.8201032244941022,0.8880600591007107,62605,60690,1.0315537979897842,0.8527218746832721,0.048281096545066626,0.05648755390686355
82,False,True,True,False,True,False,False,True,0.7962343207764085,0.7738999959446856,0.7340059041709024,0.8699944093922211,0.8388528285613045,0.8292550387282533,0.8054094899773382,0.8752016612091686,0.8069926197182712,0.7674114927612636,0.697321799626051,0.9576072198706175,0.8208053421063752,0.7926031063708991,0.7311883593044246,0.9354684130660491,0.849538320193075,0.8410478932641225,0.8178845326671633,0.8837473045283923,0.8445154173214752,0.835443448639442,0.8116853678091946,0.8801213960546284,0.8527218746832721,0.8442353704529786,0.8201032244941022,0.8880600591007107,62605,60690,1.0315537979897842,0.8527218746832721,0.048281096545066626,0.05648755390686355
28,True,True,False,False,True,False,False,True,0.7962343207764085,0.7738999959446856,0.7340059041709024,0.8699944093922211,0.8388528285613045,0.8292550387282533,0.8054094899773382,0.8752016612091686,0.8069926197182712,0.7674114927612636,0.697321799626051,0.9576072198706175,0.8208053421063752,0.7926031063708991,0.7311883593044246,0.9354684130660491,0.849538320193075,0.8410478932641225,0.8178845326671633,0.8837473045283923,0.8445154173214752,0.835443448639442,0.8116853678091946,0.8801213960546284,0.8527218746832721,0.8442353704529786,0.8201032244941022,0.8880600591007107,62605,60690,1.0315537979897842,0.8527218746832721,0.048281096545066626,0.05648755390686355
91,False,True,False,True,True,False,False,True,0.7962343207764085,0.7738999959446856,0.7340059041709024,0.8699944093922211,0.8388528285613045,0.8292550387282533,0.8054094899773382,0.8752016612091686,0.8069926197182712,0.7674114927612636,0.697321799626051,0.9576072198706175,0.8208053421063752,0.7926031063708991,0.7311883593044246,0.9354684130660491,0.849538320193075,0.8410478932641225,0.8178845326671633,0.8837473045283923,0.8445154173214752,0.835443448639442,0.8116853678091946,0.8801213960546284,0.8527218746832721,0.8442353704529786,0.8201032244941022,0.8880600591007107,62605,60690,1.0315537979897842,0.8527218746832721,0.048281096545066626,0.05648755390686355
55,True,False,False,True,True,False,False,True,0.7962343207764085,0.7738999959446856,0.7340059041709024,0.8699944093922211,0.8388528285613045,0.8292550387282533,0.8054094899773382,0.8752016612091686,0.8069926197182712,0.7674114927612636,0.697321799626051,0.9576072198706175,0.8208053421063752,0.7926031063708991,0.7311883593044246,0.9354684130660491,0.849538320193075,0.8410478932641225,0.8178845326671633,0.8837473045283923,0.8445154173214752,0.835443448639442,0.8116853678091946,0.8801213960546284,0.8527218746832721,0.8442353704529786,0.8201032244941022,0.8880600591007107,62605,60690,1.0315537979897842,0.8527218746832721,0.048281096545066626,0.05648755390686355
100,False,True,False,False,True,False,False,True,0.7962343207764085,0.7738999959446856,0.7340059041709024,0.8699944093922211,0.8388528285613045,0.8292550387282533,0.8054094899773382,0.8752016612091686,0.8069926197182712,0.7674114927612636,0.697321799626051,0.9576072198706175,0.8208053421063752,0.7926031063708991,0.7311883593044246,0.9354684130660491,0.849538320193075,0.8410478932641225,0.8178845326671633,0.8837473045283923,0.8445154173214752,0.835443448639442,0.8116853678091946,0.8801213960546284,0.8527218746832721,0.8442353704529786,0.8201032244941022,0.8880600591007107,62605,60690,1.0315537979897842,0.8527218746832721,0.048281096545066626,0.05648755390686355
19,True,True,False,True,True,False,False,True,0.7962343207764085,0.7738999959446856,0.7340059041709024,0.8699944093922211,0.8388528285613045,0.8292550387282533,0.8054094899773382,0.8752016612091686,0.8069926197182712,0.7674114927612636,0.697321799626051,0.9576072198706175,0.8208053421063752,0.7926031063708991,0.7311883593044246,0.9354684130660491,0.849538320193075,0.8410478932641225,0.8178845326671633,0.8837473045283923,0.8445154173214752,0.835443448639442,0.8116853678091946,0.8801213960546284,0.8527218746832721,0.8442353704529786,0.8201032244941022,0.8880600591007107,62605,60690,1.0315537979897842,0.8527218746832721,0.048281096545066626,0.05648755390686355
109,False,False,True,True,True,False,False,True,0.7962343207764085,0.7738999959446856,0.7340059041709024,0.8699944093922211,0.8388528285613045,0.8292550387282533,0.8054094899773382,0.8752016612091686,0.8069926197182712,0.7674114927612636,0.697321799626051,0.9576072198706175,0.8208053421063752,0.7926031063708991,0.7311883593044246,0.9354684130660491,0.849538320193075,0.8410478932641225,0.8178845326671633,0.8837473045283923,0.8445154173214752,0.835443448639442,0.8116853678091946,0.8801213960546284,0.8527218746832721,0.8442353704529786,0.8201032244941022,0.8880600591007107,62605,60690,1.0315537979897842,0.8527218746832721,0.048281096545066626,0.05648755390686355
46,True,False,True,False,True,False,False,True,0.7962343207764085,0.7738999959446856,0.7340059041709024,0.8699944093922211,0.8388528285613045,0.8292550387282533,0.8054094899773382,0.8752016612091686,0.8069926197182712,0.7674114927612636,0.697321799626051,0.9576072198706175,0.8208053421063752,0.7926031063708991,0.7311883593044246,0.9354684130660491,0.849538320193075,0.8410478932641225,0.8178845326671633,0.8837473045283923,0.8445154173214752,0.835443448639442,0.8116853678091946,0.8801213960546284,0.8527218746832721,0.8442353704529786,0.8201032244941022,0.8880600591007107,62605,60690,1.0315537979897842,0.8527218746832721,0.048281096545066626,0.05648755390686355
118,False,False,True,False,True,False,False,True,0.7962343207764085,0.7738999959446856,0.7340059041709024,0.8699944093922211,0.8388528285613045,0.8292550387282533,0.8054094899773382,0.8752016612091686,0.8069926197182712,0.7674114927612636,0.697321799626051,0.9576072198706175,0.8208053421063752,0.7926031063708991,0.7311883593044246,0.9354684130660491,0.849538320193075,0.8410478932641225,0.8178845326671633,0.8837473045283923,0.8445154173214752,0.835443448639442,0.8116853678091946,0.8801213960546284,0.8527218746832721,0.8442353704529786,0.8201032244941022,0.8880600591007107,62605,60690,1.0315537979897842,0.8527218746832721,0.048281096545066626,0.05648755390686355
127,False,False,False,True,True,False,False,True,0.7962343207764085,0.7738999959446856,0.7340059041709024,0.8699944093922211,0.8388528285613045,0.8292550387282533,0.8054094899773382,0.8752016612091686,0.8069926197182712,0.7674114927612636,0.697321799626051,0.9576072198706175,0.8208053421063752,0.7926031063708991,0.7311883593044246,0.9354684130660491,0.849538320193075,0.8410478932641225,0.8178845326671633,0.8837473045283923,0.8445154173214752,0.835443448639442,0.8116853678091946,0.8801213960546284,0.8527218746832721,0.8442353704529786,0.8201032244941022,0.8880600591007107,62605,60690,1.0315537979897842,0.8527218746832721,0.048281096545066626,0.05648755390686355
37,True,False,True,True,True,False,False,True,0.7962343207764085,0.7738999959446856,0.7340059041709024,0.8699944093922211,0.8388528285613045,0.8292550387282533,0.8054094899773382,0.8752016612091686,0.8069926197182712,0.7674114927612636,0.697321799626051,0.9576072198706175,0.8208053421063752,0.7926031063708991,0.7311883593044246,0.9354684130660491,0.849538320193075,0.8410478932641225,0.8178845326671633,0.8837473045283923,0.8445154173214752,0.835443448639442,0.8116853678091946,0.8801213960546284,0.8527218746832721,0.8442353704529786,0.8201032244941022,0.8880600591007107,62605,60690,1.0315537979897842,0.8527218746832721,0.048281096545066626,0.05648755390686355
136,False,False,False,False,True,False,False,True,0.7962343207764085,0.7738999959446856,0.7340059041709024,0.8699944093922211,0.8388528285613045,0.8292550387282533,0.8054094899773382,0.8752016612091686,0.8069926197182712,0.7674114927612636,0.697321799626051,0.9576072198706175,0.8208053421063752,0.7926031063708991,0.7311883593044246,0.9354684130660491,0.849538320193075,0.8410478932641225,0.8178845326671633,0.8837473045283923,0.8445154173214752,0.835443448639442,0.8116853678091946,0.8801213960546284,0.8527218746832721,0.8442353704529786,0.8201032244941022,0.8880600591007107,62605,60690,1.0315537979897842,0.8527218746832721,0.048281096545066626,0.05648755390686355
54,True,False,False,True,True,False,True,False,0.9426389615710017,0.9427856248076282,0.9351904052475876,0.9502116850127011,0.9374420916540493,0.9375595721786972,0.929398295875286,0.9456287044877223,0.9747765353790163,0.9747808582778876,0.964878107334977,0.9848856900931414,0.9911022641113396,0.9911712084324147,0.988369248810152,0.993850550381033,0.9920779050607813,0.9921504390214766,0.9907219194564139,0.9934377646062659,0.9609294621811653,0.9611082601871261,0.9552288470148612,0.9667019475021167,0.9928439823369356,0.9929097353912903,0.9915234651583326,0.9941680779000848,94480,96486,0.9792094189830649,0.9928439823369356,0.018290500610163574,0.050205020765933916
45,True,False,True,False,True,False,True,False,0.9426389615710017,0.9427856248076282,0.9351904052475876,0.9502116850127011,0.9374420916540493,0.9375595721786972,0.929398295875286,0.9456287044877223,0.9747765353790163,0.9747808582778876,0.964878107334977,0.9848856900931414,0.9911022641113396,0.9911712084324147,0.988369248810152,0.993850550381033,0.9920779050607813,0.9921504390214766,0.9907219194564139,0.9934377646062659,0.9609294621811653,0.9611082601871261,0.9552288470148612,0.9667019475021167,0.9928439823369356,0.9929097353912903,0.9915234651583326,0.9941680779000848,94480,96486,0.9792094189830649,0.9928439823369356,0.018290500610163574,0.050205020765933916
63,True,False,False,False,True,False,True,False,0.9426389615710017,0.9427856248076282,0.9351904052475876,0.9502116850127011,0.9374420916540493,0.9375595721786972,0.929398295875286,0.9456287044877223,0.9747765353790163,0.9747808582778876,0.964878107334977,0.9848856900931414,0.9911022641113396,0.9911712084324147,0.988369248810152,0.993850550381033,0.9920779050607813,0.9921504390214766,0.9907219194564139,0.9934377646062659,0.9609294621811653,0.9611082601871261,0.9552288470148612,0.9667019475021167,0.9928439823369356,0.9929097353912903,0.9915234651583326,0.9941680779000848,94480,96486,0.9792094189830649,0.9928439823369356,0.018290500610163574,0.050205020765933916
0,True,True,True,True,True,False,True,False,0.9426389615710017,0.9427856248076282,0.9351904052475876,0.9502116850127011,0.9374420916540493,0.9375595721786972,0.929398295875286,0.9456287044877223,0.9747765353790163,0.9747808582778876,0.964878107334977,0.9848856900931414,0.9911022641113396,0.9911712084324147,0.988369248810152,0.993850550381033,0.9920779050607813,0.9921504390214766,0.9907219194564139,0.9934377646062659,0.9609294621811653,0.9611082601871261,0.9552288470148612,0.9667019475021167,0.9928439823369356,0.9929097353912903,0.9915234651583326,0.9941680779000848,94480,96486,0.9792094189830649,0.9928439823369356,0.018290500610163574,0.050205020765933916
90,False,True,False,True,True,False,True,False,0.9426389615710017,0.9427856248076282,0.9351904052475876,0.9502116850127011,0.9374420916540493,0.9375595721786972,0.929398295875286,0.9456287044877223,0.9747765353790163,0.9747808582778876,0.964878107334977,0.9848856900931414,0.9911022641113396,0.9911712084324147,0.988369248810152,0.993850550381033,0.9920779050607813,0.9921504390214766,0.9907219194564139,0.9934377646062659,0.9609294621811653,0.9611082601871261,0.9552288470148612,0.9667019475021167,0.9928439823369356,0.9929097353912903,0.9915234651583326,0.9941680779000848,94480,96486,0.9792094189830649,0.9928439823369356,0.018290500610163574,0.050205020765933916
81,False,True,True,False,True,False,True,False,0.9426389615710017,0.9427856248076282,0.9351904052475876,0.9502116850127011,0.9374420916540493,0.9375595721786972,0.929398295875286,0.9456287044877223,0.9747765353790163,0.9747808582778876,0.964878107334977,0.9848856900931414,0.9911022641113396,0.9911712084324147,0.988369248810152,0.993850550381033,0.9920779050607813,0.9921504390214766,0.9907219194564139,0.9934377646062659,0.9609294621811653,0.9611082601871261,0.9552288470148612,0.9667019475021167,0.9928439823369356,0.9929097353912903,0.9915234651583326,0.9941680779000848,94480,96486,0.9792094189830649,0.9928439823369356,0.018290500610163574,0.050205020765933916
99,False,True,False,False,True,False,True,False,0.9426389615710017,0.9427856248076282,0.9351904052475876,0.9502116850127011,0.9374420916540493,0.9375595721786972,0.929398295875286,0.9456287044877223,0.9747765353790163,0.9747808582778876,0.964878107334977,0.9848856900931414,0.9911022641113396,0.9911712084324147,0.988369248810152,0.993850550381033,0.9920779050607813,0.9921504390214766,0.9907219194564139,0.9934377646062659,0.9609294621811653,0.9611082601871261,0.9552288470148612,0.9667019475021167,0.9928439823369356,0.9929097353912903,0.9915234651583326,0.9941680779000848,94480,96486,0.9792094189830649,0.9928439823369356,0.018290500610163574,0.050205020765933916
108,False,False,True,True,True,False,True,False,0.9426389615710017,0.9427856248076282,0.9351904052475876,0.9502116850127011,0.9374420916540493,0.9375595721786972,0.929398295875286,0.9456287044877223,0.9747765353790163,0.9747808582778876,0.964878107334977,0.9848856900931414,0.9911022641113396,0.9911712084324147,0.988369248810152,0.993850550381033,0.9920779050607813,0.9921504390214766,0.9907219194564139,0.9934377646062659,0.9609294621811653,0.9611082601871261,0.9552288470148612,0.9667019475021167,0.9928439823369356,0.9929097353912903,0.9915234651583326,0.9941680779000848,94480,96486,0.9792094189830649,0.9928439823369356,0.018290500610163574,0.050205020765933916
117,False,False,True,False,True,False,True,False,0.9426389615710017,0.9427856248076282,0.9351904052475876,0.9502116850127011,0.9374420916540493,0.9375595721786972,0.929398295875286,0.9456287044877223,0.9747765353790163,0.9747808582778876,0.964878107334977,0.9848856900931414,0.9911022641113396,0.9911712084324147,0.988369248810152,0.993850550381033,0.9920779050607813,0.9921504390214766,0.9907219194564139,0.9934377646062659,0.9609294621811653,0.9611082601871261,0.9552288470148612,0.9667019475021167,0.9928439823369356,0.9929097353912903,0.9915234651583326,0.9941680779000848,94480,96486,0.9792094189830649,0.9928439823369356,0.018290500610163574,0.050205020765933916
126,False,False,False,True,True,False,True,False,0.9426389615710017,0.9427856248076282,0.9351904052475876,0.9502116850127011,0.9374420916540493,0.9375595721786972,0.929398295875286,0.9456287044877223,0.9747765353790163,0.9747808582778876,0.964878107334977,0.9848856900931414,0.9911022641113396,0.9911712084324147,0.988369248810152,0.993850550381033,0.9920779050607813,0.9921504390214766,0.9907219194564139,0.9934377646062659,0.9609294621811653,0.9611082601871261,0.9552288470148612,0.9667019475021167,0.9928439823369356,0.9929097353912903,0.9915234651583326,0.9941680779000848,94480,96486,0.9792094189830649,0.9928439823369356,0.018290500610163574,0.050205020765933916
135,False,False,False,False,True,False,True,False,0.9426389615710017,0.9427856248076282,0.9351904052475876,0.9502116850127011,0.9374420916540493,0.9375595721786972,0.929398295875286,0.9456287044877223,0.9747765353790163,0.9747808582778876,0.964878107334977,0.9848856900931414,0.9911022641113396,0.9911712084324147,0.988369248810152,0.993850550381033,0.9920779050607813,0.9921504390214766,0.9907219194564139,0.9934377646062659,0.9609294621811653,0.9611082601871261,0.9552288470148612,0.9667019475021167,0.9928439823369356,0.9929097353912903,0.9915234651583326,0.9941680779000848,94480,96486,0.9792094189830649,0.9928439823369356,0.018290500610163574,0.050205020765933916
36,True,False,True,True,True,False,True,False,0.9426389615710017,0.9427856248076282,0.9351904052475876,0.9502116850127011,0.9374420916540493,0.9375595721786972,0.929398295875286,0.9456287044877223,0.9747765353790163,0.9747808582778876,0.964878107334977,0.9848856900931414,0.9911022641113396,0.9911712084324147,0.988369248810152,0.993850550381033,0.9920779050607813,0.9921504390214766,0.9907219194564139,0.9934377646062659,0.9609294621811653,0.9611082601871261,0.9552288470148612,0.9667019475021167,0.9928439823369356,0.9929097353912903,0.9915234651583326,0.9941680779000848,94480,96486,0.9792094189830649,0.9928439823369356,0.018290500610163574,0.050205020765933916
72,False,True,True,True,True,False,True,False,0.9426389615710017,0.9427856248076282,0.9351904052475876,0.9502116850127011,0.9374420916540493,0.9375595721786972,0.929398295875286,0.9456287044877223,0.9747765353790163,0.9747808582778876,0.964878107334977,0.9848856900931414,0.9911022641113396,0.9911712084324147,0.988369248810152,0.993850550381033,0.9920779050607813,0.9921504390214766,0.9907219194564139,0.9934377646062659,0.9609294621811653,0.9611082601871261,0.9552288470148612,0.9667019475021167,0.9928439823369356,0.9929097353912903,0.9915234651583326,0.9941680779000848,94480,96486,0.9792094189830649,0.9928439823369356,0.018290500610163574,0.050205020765933916
9,True,True,True,False,True,False,True,False,0.9426389615710017,0.9427856248076282,0.9351904052475876,0.9502116850127011,0.9374420916540493,0.9375595721786972,0.929398295875286,0.9456287044877223,0.9747765353790163,0.9747808582778876,0.964878107334977,0.9848856900931414,0.9911022641113396,0.9911712084324147,0.988369248810152,0.993850550381033,0.9920779050607813,0.9921504390214766,0.9907219194564139,0.9934377646062659,0.9609294621811653,0.9611082601871261,0.9552288470148612,0.9667019475021167,0.9928439823369356,0.9929097353912903,0.9915234651583326,0.9941680779000848,94480,96486,0.9792094189830649,0.9928439823369356,0.018290500610163574,0.050205020765933916
27,True,True,False,False,True,False,True,False,0.9426389615710017,0.9427856248076282,0.9351904052475876,0.9502116850127011,0.9374420916540493,0.9375595721786972,0.929398295875286,0.9456287044877223,0.9747765353790163,0.9747808582778876,0.964878107334977,0.9848856900931414,0.9911022641113396,0.9911712084324147,0.988369248810152,0.993850550381033,0.9920779050607813,0.9921504390214766,0.9907219194564139,0.9934377646062659,0.9609294621811653,0.9611082601871261,0.9552288470148612,0.9667019475021167,0.9928439823369356,0.9929097353912903,0.9915234651583326,0.9941680779000848,94480,96486,0.9792094189830649,0.9928439823369356,0.018290500610163574,0.050205020765933916
18,True,True,False,True,True,False,True,False,0.9426389615710017,0.9427856248076282,0.9351904052475876,0.9502116850127011,0.9374420916540493,0.9375595721786972,0.929398295875286,0.9456287044877223,0.9747765353790163,0.9747808582778876,0.964878107334977,0.9848856900931414,0.9911022641113396,0.9911712084324147,0.988369248810152,0.993850550381033,0.9920779050607813,0.9921504390214766,0.9907219194564139,0.9934377646062659,0.9609294621811653,0.9611082601871261,0.9552288470148612,0.9667019475021167,0.9928439823369356,0.9929097353912903,0.9915234651583326,0.9941680779000848,94480,96486,0.9792094189830649,0.9928439823369356,0.018290500610163574,0.050205020765933916
29,True,True,False,False,True,False,False,False,0.8817268823265858,0.8744801303180261,0.833393494901175,0.9360155329916923,0.8909779860651558,0.8867120023829589,0.8584212883123495,0.9261037018174874,0.9002103955309121,0.8904954809508157,0.8266662877084213,0.9881210809434382,0.9154718872485752,0.908776459804689,0.8526907821872152,0.9882420345672724,0.9296969381671045,0.9275029367411041,0.9021472262476642,0.9589839895597926,0.9094769774490221,0.906249901447606,0.8789899799611384,0.9421587038864307,0.9314199107605663,0.9292530723405411,0.9034998807237455,0.9611229589075979,157085,157176,0.9994210312006923,0.9314199107605663,0.027750095122436313,0.04969302843398049
47,True,False,True,False,True,False,False,False,0.8817268823265858,0.8744801303180261,0.833393494901175,0.9360155329916923,0.8909779860651558,0.8867120023829589,0.8584212883123495,0.9261037018174874,0.9002103955309121,0.8904954809508157,0.8266662877084213,0.9881210809434382,0.9154718872485752,0.908776459804689,0.8526907821872152,0.9882420345672724,0.9296969381671045,0.9275029367411041,0.9021472262476642,0.9589839895597926,0.9094769774490221,0.906249901447606,0.8789899799611384,0.9421587038864307,0.9314199107605663,0.9292530723405411,0.9034998807237455,0.9611229589075979,157085,157176,0.9994210312006923,0.9314199107605663,0.027750095122436313,0.04969302843398049
92,False,True,False,True,True,False,False,False,0.8817268823265858,0.8744801303180261,0.833393494901175,0.9360155329916923,0.8909779860651558,0.8867120023829589,0.8584212883123495,0.9261037018174874,0.9002103955309121,0.8904954809508157,0.8266662877084213,0.9881210809434382,0.9154718872485752,0.908776459804689,0.8526907821872152,0.9882420345672724,0.9296969381671045,0.9275029367411041,0.9021472262476642,0.9589839895597926,0.9094769774490221,0.906249901447606,0.8789899799611384,0.9421587038864307,0.9314199107605663,0.9292530723405411,0.9034998807237455,0.9611229589075979,157085,157176,0.9994210312006923,0.9314199107605663,0.027750095122436313,0.04969302843398049
110,False,False,True,True,True,False,False,False,0.8817268823265858,0.8744801303180261,0.833393494901175,0.9360155329916923,0.8909779860651558,0.8867120023829589,0.8584212883123495,0.9261037018174874,0.9002103955309121,0.8904954809508157,0.8266662877084213,0.9881210809434382,0.9154718872485752,0.908776459804689,0.8526907821872152,0.9882420345672724,0.9296969381671045,0.9275029367411041,0.9021472262476642,0.9589839895597926,0.9094769774490221,0.906249901447606,0.8789899799611384,0.9421587038864307,0.9314199107605663,0.9292530723405411,0.9034998807237455,0.9611229589075979,157085,157176,0.9994210312006923,0.9314199107605663,0.027750095122436313,0.04969302843398049
83,False,True,True,False,True,False,False,False,0.8817268823265858,0.8744801303180261,0.833393494901175,0.9360155329916923,0.8909779860651558,0.8867120023829589,0.8584212883123495,0.9261037018174874,0.9002103955309121,0.8904954809508157,0.8266662877084213,0.9881210809434382,0.9154718872485752,0.908776459804689,0.8526907821872152,0.9882420345672724,0.9296969381671045,0.9275029367411041,0.9021472262476642,0.9589839895597926,0.9094769774490221,0.906249901447606,0.8789899799611384,0.9421587038864307,0.9314199107605663,0.9292530723405411,0.9034998807237455,0.9611229589075979,157085,157176,0.9994210312006923,0.9314199107605663,0.027750095122436313,0.04969302843398049
74,False,True,True,True,True,False,False,False,0.8817268823265858,0.8744801303180261,0.833393494901175,0.9360155329916923,0.8909779860651558,0.8867120023829589,0.8584212883123495,0.9261037018174874,0.9002103955309121,0.8904954809508157,0.8266662877084213,0.9881210809434382,0.9154718872485752,0.908776459804689,0.8526907821872152,0.9882420345672724,0.9296969381671045,0.9275029367411041,0.9021472262476642,0.9589839895597926,0.9094769774490221,0.906249901447606,0.8789899799611384,0.9421587038864307,0.9314199107605663,0.9292530723405411,0.9034998807237455,0.9611229589075979,157085,157176,0.9994210312006923,0.9314199107605663,0.027750095122436313,0.04969302843398049
119,False,False,True,False,True,False,False,False,0.8817268823265858,0.8744801303180261,0.833393494901175,0.9360155329916923,0.8909779860651558,0.8867120023829589,0.8584212883123495,0.9261037018174874,0.9002103955309121,0.8904954809508157,0.8266662877084213,0.9881210809434382,0.9154718872485752,0.908776459804689,0.8526907821872152,0.9882420345672724,0.9296969381671045,0.9275029367411041,0.9021472262476642,0.9589839895597926,0.9094769774490221,0.906249901447606,0.8789899799611384,0.9421587038864307,0.9314199107605663,0.9292530723405411,0.9034998807237455,0.9611229589075979,157085,157176,0.9994210312006923,0.9314199107605663,0.027750095122436313,0.04969302843398049
101,False,True,False,False,True,False,False,False,0.8817268823265858,0.8744801303180261,0.833393494901175,0.9360155329916923,0.8909779860651558,0.8867120023829589,0.8584212883123495,0.9261037018174874,0.9002103955309121,0.8904954809508157,0.8266662877084213,0.9881210809434382,0.9154718872485752,0.908776459804689,0.8526907821872152,0.9882420345672724,0.9296969381671045,0.9275029367411041,0.9021472262476642,0.9589839895597926,0.9094769774490221,0.906249901447606,0.8789899799611384,0.9421587038864307,0.9314199107605663,0.9292530723405411,0.9034998807237455,0.9611229589075979,157085,157176,0.9994210312006923,0.9314199107605663,0.027750095122436313,0.04969302843398049
20,True,True,False,True,True,False,False,False,0.8817268823265858,0.8744801303180261,0.833393494901175,0.9360155329916923,0.8909779860651558,0.8867120023829589,0.8584212883123495,0.9261037018174874,0.9002103955309121,0.8904954809508157,0.8266662877084213,0.9881210809434382,0.9154718872485752,0.908776459804689,0.8526907821872152,0.9882420345672724,0.9296969381671045,0.9275029367411041,0.9021472262476642,0.9589839895597926,0.9094769774490221,0.906249901447606,0.8789899799611384,0.9421587038864307,0.9314199107605663,0.9292530723405411,0.9034998807237455,0.9611229589075979,157085,157176,0.9994210312006923,0.9314199107605663,0.027750095122436313,0.04969302843398049
56,True,False,False,True,True,False,False,False,0.8817268823265858,0.8744801303180261,0.833393494901175,0.9360155329916923,0.8909779860651558,0.8867120023829589,0.8584212883123495,0.9261037018174874,0.9002103955309121,0.8904954809508157,0.8266662877084213,0.9881210809434382,0.9154718872485752,0.908776459804689,0.8526907821872152,0.9882420345672724,0.9296969381671045,0.9275029367411041,0.9021472262476642,0.9589839895597926,0.9094769774490221,0.906249901447606,0.8789899799611384,0.9421587038864307,0.9314199107605663,0.9292530723405411,0.9034998807237455,0.9611229589075979,157085,157176,0.9994210312006923,0.9314199107605663,0.027750095122436313,0.04969302843398049
128,False,False,False,True,True,False,False,False,0.8817268823265858,0.8744801303180261,0.833393494901175,0.9360155329916923,0.8909779860651558,0.8867120023829589,0.8584212883123495,0.9261037018174874,0.9002103955309121,0.8904954809508157,0.8266662877084213,0.9881210809434382,0.9154718872485752,0.908776459804689,0.8526907821872152,0.9882420345672724,0.9296969381671045,0.9275029367411041,0.9021472262476642,0.9589839895597926,0.9094769774490221,0.906249901447606,0.8789899799611384,0.9421587038864307,0.9314199107605663,0.9292530723405411,0.9034998807237455,0.9611229589075979,157085,157176,0.9994210312006923,0.9314199107605663,0.027750095122436313,0.04969302843398049
65,True,False,False,False,True,False,False,False,0.8817268823265858,0.8744801303180261,0.833393494901175,0.9360155329916923,0.8909779860651558,0.8867120023829589,0.8584212883123495,0.9261037018174874,0.9002103955309121,0.8904954809508157,0.8266662877084213,0.9881210809434382,0.9154718872485752,0.908776459804689,0.8526907821872152,0.9882420345672724,0.9296969381671045,0.9275029367411041,0.9021472262476642,0.9589839895597926,0.9094769774490221,0.906249901447606,0.8789899799611384,0.9421587038864307,0.9314199107605663,0.9292530723405411,0.9034998807237455,0.9611229589075979,157085,157176,0.9994210312006923,0.9314199107605663,0.027750095122436313,0.04969302843398049
137,False,False,False,False,True,False,False,False,0.8817268823265858,0.8744801303180261,0.833393494901175,0.9360155329916923,0.8909779860651558,0.8867120023829589,0.8584212883123495,0.9261037018174874,0.9002103955309121,0.8904954809508157,0.8266662877084213,0.9881210809434382,0.9154718872485752,0.908776459804689,0.8526907821872152,0.9882420345672724,0.9296969381671045,0.9275029367411041,0.9021472262476642,0.9589839895597926,0.9094769774490221,0.906249901447606,0.8789899799611384,0.9421587038864307,0.9314199107605663,0.9292530723405411,0.9034998807237455,0.9611229589075979,157085,157176,0.9994210312006923,0.9314199107605663,0.027750095122436313,0.04969302843398049
2,True,True,True,True,True,False,False,False,0.8817268823265858,0.8744801303180261,0.833393494901175,0.9360155329916923,0.8909779860651558,0.8867120023829589,0.8584212883123495,0.9261037018174874,0.9002103955309121,0.8904954809508157,0.8266662877084213,0.9881210809434382,0.9154718872485752,0.908776459804689,0.8526907821872152,0.9882420345672724,0.9296969381671045,0.9275029367411041,0.9021472262476642,0.9589839895597926,0.9094769774490221,0.906249901447606,0.8789899799611384,0.9421587038864307,0.9314199107605663,0.9292530723405411,0.9034998807237455,0.9611229589075979,157085,157176,0.9994210312006923,0.9314199107605663,0.027750095122436313,0.04969302843398049
38,True,False,True,True,True,False,False,False,0.8817268823265858,0.8744801303180261,0.833393494901175,0.9360155329916923,0.8909779860651558,0.8867120023829589,0.8584212883123495,0.9261037018174874,0.9002103955309121,0.8904954809508157,0.8266662877084213,0.9881210809434382,0.9154718872485752,0.908776459804689,0.8526907821872152,0.9882420345672724,0.9296969381671045,0.9275029367411041,0.9021472262476642,0.9589839895597926,0.9094769774490221,0.906249901447606,0.8789899799611384,0.9421587038864307,0.9314199107605663,0.9292530723405411,0.9034998807237455,0.9611229589075979,157085,157176,0.9994210312006923,0.9314199107605663,0.027750095122436313,0.04969302843398049
11,True,True,True,False,True,False,False,False,0.8817268823265858,0.8744801303180261,0.833393494901175,0.9360155329916923,0.8909779860651558,0.8867120023829589,0.8584212883123495,0.9261037018174874,0.9002103955309121,0.8904954809508157,0.8266662877084213,0.9881210809434382,0.9154718872485752,0.908776459804689,0.8526907821872152,0.9882420345672724,0.9296969381671045,0.9275029367411041,0.9021472262476642,0.9589839895597926,0.9094769774490221,0.906249901447606,0.8789899799611384,0.9421587038864307,0.9314199107605663,0.9292530723405411,0.9034998807237455,0.9611229589075979,157085,157176,0.9994210312006923,0.9314199107605663,0.027750095122436313,0.04969302843398049
123,False,False,True,False,False,False,True,False,0.9282938530970657,0.9034875651866722,0.9191423946835874,0.9376307569901552,0.9272447022058294,0.9015575193376808,0.9133881996489608,0.9415294840033697,0.9284423461305676,0.8990325619891374,0.8795376742535497,0.9831072440590868,0.9690610721668275,0.9579922013446464,0.9513914916958239,0.9874005153501603,0.9672775013736306,0.9559203499341855,0.9569481240287473,0.9778328058656495,0.9472947923314265,0.9289343582731728,0.9363042547564253,0.9585468238528787,0.9734471514362257,0.9642561868704635,0.9637059704378157,0.9833875738214731,192627,96486,1.9964243517194205,0.9734471514362257,0.01900093923436086,0.04515329833916004
96,False,True,False,True,False,False,True,False,0.9282938530970657,0.9034875651866722,0.9191423946835874,0.9376307569901552,0.9272447022058294,0.9015575193376808,0.9133881996489608,0.9415294840033697,0.9284423461305676,0.8990325619891374,0.8795376742535497,0.9831072440590868,0.9690610721668275,0.9579922013446464,0.9513914916958239,0.9874005153501603,0.9672775013736306,0.9559203499341855,0.9569481240287473,0.9778328058656495,0.9472947923314265,0.9289343582731728,0.9363042547564253,0.9585468238528787,0.9734471514362257,0.9642561868704635,0.9637059704378157,0.9833875738214731,192627,96486,1.9964243517194205,0.9734471514362257,0.01900093923436086,0.04515329833916004
6,True,True,True,True,False,False,True,False,0.9282938530970657,0.9034875651866722,0.9191423946835874,0.9376307569901552,0.9272447022058294,0.9015575193376808,0.9133881996489608,0.9415294840033697,0.9284423461305676,0.8990325619891374,0.8795376742535497,0.9831072440590868,0.9690610721668275,0.9579922013446464,0.9513914916958239,0.9874005153501603,0.9672775013736306,0.9559203499341855,0.9569481240287473,0.9778328058656495,0.9472947923314265,0.9289343582731728,0.9363042547564253,0.9585468238528787,0.9734471514362257,0.9642561868704635,0.9637059704378157,0.9833875738214731,192627,96486,1.9964243517194205,0.9734471514362257,0.01900093923436086,0.04515329833916004
24,True,True,False,True,False,False,True,False,0.9282938530970657,0.9034875651866722,0.9191423946835874,0.9376307569901552,0.9272447022058294,0.9015575193376808,0.9133881996489608,0.9415294840033697,0.9284423461305676,0.8990325619891374,0.8795376742535497,0.9831072440590868,0.9690610721668275,0.9579922013446464,0.9513914916958239,0.9874005153501603,0.9672775013736306,0.9559203499341855,0.9569481240287473,0.9778328058656495,0.9472947923314265,0.9289343582731728,0.9363042547564253,0.9585468238528787,0.9734471514362257,0.9642561868704635,0.9637059704378157,0.9833875738214731,192627,96486,1.9964243517194205,0.9734471514362257,0.01900093923436086,0.04515329833916004
33,True,True,False,False,False,False,True,False,0.9282938530970657,0.9034875651866722,0.9191423946835874,0.9376307569901552,0.9272447022058294,0.9015575193376808,0.9133881996489608,0.9415294840033697,0.9284423461305676,0.8990325619891374,0.8795376742535497,0.9831072440590868,0.9690610721668275,0.9579922013446464,0.9513914916958239,0.9874005153501603,0.9672775013736306,0.9559203499341855,0.9569481240287473,0.9778328058656495,0.9472947923314265,0.9289343582731728,0.9363042547564253,0.9585468238528787,0.9734471514362257,0.9642561868704635,0.9637059704378157,0.9833875738214731,192627,96486,1.9964243517194205,0.9734471514362257,0.01900093923436086,0.04515329833916004
87,False,True,True,False,False,False,True,False,0.9282938530970657,0.9034875651866722,0.9191423946835874,0.9376307569901552,0.9272447022058294,0.9015575193376808,0.9133881996489608,0.9415294840033697,0.9284423461305676,0.8990325619891374,0.8795376742535497,0.9831072440590868,0.9690610721668275,0.9579922013446464,0.9513914916958239,0.9874005153501603,0.9672775013736306,0.9559203499341855,0.9569481240287473,0.9778328058656495,0.9472947923314265,0.9289343582731728,0.9363042547564253,0.9585468238528787,0.9734471514362257,0.9642561868704635,0.9637059704378157,0.9833875738214731,192627,96486,1.9964243517194205,0.9734471514362257,0.01900093923436086,0.04515329833916004
141,False,False,False,False,False,False,True,False,0.9282938530970657,0.9034875651866722,0.9191423946835874,0.9376307569901552,0.9272447022058294,0.9015575193376808,0.9133881996489608,0.9415294840033697,0.9284423461305676,0.8990325619891374,0.8795376742535497,0.9831072440590868,0.9690610721668275,0.9579922013446464,0.9513914916958239,0.9874005153501603,0.9672775013736306,0.9559203499341855,0.9569481240287473,0.9778328058656495,0.9472947923314265,0.9289343582731728,0.9363042547564253,0.9585468238528787,0.9734471514362257,0.9642561868704635,0.9637059704378157,0.9833875738214731,192627,96486,1.9964243517194205,0.9734471514362257,0.01900093923436086,0.04515329833916004
105,False,True,False,False,False,False,True,False,0.9282938530970657,0.9034875651866722,0.9191423946835874,0.9376307569901552,0.9272447022058294,0.9015575193376808,0.9133881996489608,0.9415294840033697,0.9284423461305676,0.8990325619891374,0.8795376742535497,0.9831072440590868,0.9690610721668275,0.9579922013446464,0.9513914916958239,0.9874005153501603,0.9672775013736306,0.9559203499341855,0.9569481240287473,0.9778328058656495,0.9472947923314265,0.9289343582731728,0.9363042547564253,0.9585468238528787,0.9734471514362257,0.9642561868704635,0.9637059704378157,0.9833875738214731,192627,96486,1.9964243517194205,0.9734471514362257,0.01900093923436086,0.04515329833916004
60,True,False,False,True,False,False,True,False,0.9282938530970657,0.9034875651866722,0.9191423946835874,0.9376307569901552,0.9272447022058294,0.9015575193376808,0.9133881996489608,0.9415294840033697,0.9284423461305676,0.8990325619891374,0.8795376742535497,0.9831072440590868,0.9690610721668275,0.9579922013446464,0.9513914916958239,0.9874005153501603,0.9672775013736306,0.9559203499341855,0.9569481240287473,0.9778328058656495,0.9472947923314265,0.9289343582731728,0.9363042547564253,0.9585468238528787,0.9734471514362257,0.9642561868704635,0.9637059704378157,0.9833875738214731,192627,96486,1.9964243517194205,0.9734471514362257,0.01900093923436086,0.04515329833916004
69,True,False,False,False,False,False,True,False,0.9282938530970657,0.9034875651866722,0.9191423946835874,0.9376307569901552,0.9272447022058294,0.9015575193376808,0.9133881996489608,0.9415294840033697,0.9284423461305676,0.8990325619891374,0.8795376742535497,0.9831072440590868,0.9690610721668275,0.9579922013446464,0.9513914916958239,0.9874005153501603,0.9672775013736306,0.9559203499341855,0.9569481240287473,0.9778328058656495,0.9472947923314265,0.9289343582731728,0.9363042547564253,0.9585468238528787,0.9734471514362257,0.9642561868704635,0.9637059704378157,0.9833875738214731,192627,96486,1.9964243517194205,0.9734471514362257,0.01900093923436086,0.04515329833916004
15,True,True,True,False,False,False,True,False,0.9282938530970657,0.9034875651866722,0.9191423946835874,0.9376307569901552,0.9272447022058294,0.9015575193376808,0.9133881996489608,0.9415294840033697,0.9284423461305676,0.8990325619891374,0.8795376742535497,0.9831072440590868,0.9690610721668275,0.9579922013446464,0.9513914916958239,0.9874005153501603,0.9672775013736306,0.9559203499341855,0.9569481240287473,0.9778328058656495,0.9472947923314265,0.9289343582731728,0.9363042547564253,0.9585468238528787,0.9734471514362257,0.9642561868704635,0.9637059704378157,0.9833875738214731,192627,96486,1.9964243517194205,0.9734471514362257,0.01900093923436086,0.04515329833916004
42,True,False,True,True,False,False,True,False,0.9282938530970657,0.9034875651866722,0.9191423946835874,0.9376307569901552,0.9272447022058294,0.9015575193376808,0.9133881996489608,0.9415294840033697,0.9284423461305676,0.8990325619891374,0.8795376742535497,0.9831072440590868,0.9690610721668275,0.9579922013446464,0.9513914916958239,0.9874005153501603,0.9672775013736306,0.9559203499341855,0.9569481240287473,0.9778328058656495,0.9472947923314265,0.9289343582731728,0.9363042547564253,0.9585468238528787,0.9734471514362257,0.9642561868704635,0.9637059704378157,0.9833875738214731,192627,96486,1.9964243517194205,0.9734471514362257,0.01900093923436086,0.04515329833916004
114,False,False,True,True,False,False,True,False,0.9282938530970657,0.9034875651866722,0.9191423946835874,0.9376307569901552,0.9272447022058294,0.9015575193376808,0.9133881996489608,0.9415294840033697,0.9284423461305676,0.8990325619891374,0.8795376742535497,0.9831072440590868,0.9690610721668275,0.9579922013446464,0.9513914916958239,0.9874005153501603,0.9672775013736306,0.9559203499341855,0.9569481240287473,0.9778328058656495,0.9472947923314265,0.9289343582731728,0.9363042547564253,0.9585468238528787,0.9734471514362257,0.9642561868704635,0.9637059704378157,0.9833875738214731,192627,96486,1.9964243517194205,0.9734471514362257,0.01900093923436086,0.04515329833916004
78,False,True,True,True,False,False,True,False,0.9282938530970657,0.9034875651866722,0.9191423946835874,0.9376307569901552,0.9272447022058294,0.9015575193376808,0.9133881996489608,0.9415294840033697,0.9284423461305676,0.8990325619891374,0.8795376742535497,0.9831072440590868,0.9690610721668275,0.9579922013446464,0.9513914916958239,0.9874005153501603,0.9672775013736306,0.9559203499341855,0.9569481240287473,0.9778328058656495,0.9472947923314265,0.9289343582731728,0.9363042547564253,0.9585468238528787,0.9734471514362257,0.9642561868704635,0.9637059704378157,0.9833875738214731,192627,96486,1.9964243517194205,0.9734471514362257,0.01900093923436086,0.04515329833916004
51,True,False,True,False,False,False,True,False,0.9282938530970657,0.9034875651866722,0.9191423946835874,0.9376307569901552,0.9272447022058294,0.9015575193376808,0.9133881996489608,0.9415294840033697,0.9284423461305676,0.8990325619891374,0.8795376742535497,0.9831072440590868,0.9690610721668275,0.9579922013446464,0.9513914916958239,0.9874005153501603,0.9672775013736306,0.9559203499341855,0.9569481240287473,0.9778328058656495,0.9472947923314265,0.9289343582731728,0.9363042547564253,0.9585468238528787,0.9734471514362257,0.9642561868704635,0.9637059704378157,0.9833875738214731,192627,96486,1.9964243517194205,0.9734471514362257,0.01900093923436086,0.04515329833916004
132,False,False,False,True,False,False,True,False,0.9282938530970657,0.9034875651866722,0.9191423946835874,0.9376307569901552,0.9272447022058294,0.9015575193376808,0.9133881996489608,0.9415294840033697,0.9284423461305676,0.8990325619891374,0.8795376742535497,0.9831072440590868,0.9690610721668275,0.9579922013446464,0.9513914916958239,0.9874005153501603,0.9672775013736306,0.9559203499341855,0.9569481240287473,0.9778328058656495,0.9472947923314265,0.9289343582731728,0.9363042547564253,0.9585468238528787,0.9734471514362257,0.9642561868704635,0.9637059704378157,0.9833875738214731,192627,96486,1.9964243517194205,0.9734471514362257,0.01900093923436086,0.04515329833916004
88,False,True,True,False,False,False,False,True,0.8031497019407705,0.7046301643674077,0.7291377054939837,0.8938848385537911,0.8278904259172641,0.7509532084153487,0.7749588739610556,0.8885870605407575,0.8168299480592788,0.7062626820217968,0.7045856295198675,0.9716149809423748,0.8276123473270136,0.7307184250076961,0.7279398241246213,0.9589162204528108,0.8424626473835708,0.7716444705992392,0.7874021082955934,0.9058108715859928,0.8384458914462678,0.7658017173458282,0.7835962080936316,0.901556682138968,0.8470495322263808,0.7782980973305275,0.7917113373295207,0.9107103121002688,125524,60690,2.0682814302191463,0.8470495322263808,0.03529618950549729,0.043899830285610286
7,True,True,True,True,False,False,False,True,0.8031497019407705,0.7046301643674077,0.7291377054939837,0.8938848385537911,0.8278904259172641,0.7509532084153487,0.7749588739610556,0.8885870605407575,0.8168299480592788,0.7062626820217968,0.7045856295198675,0.9716149809423748,0.8276123473270136,0.7307184250076961,0.7279398241246213,0.9589162204528108,0.8424626473835708,0.7716444705992392,0.7874021082955934,0.9058108715859928,0.8384458914462678,0.7658017173458282,0.7835962080936316,0.901556682138968,0.8470495322263808,0.7782980973305275,0.7917113373295207,0.9107103121002688,125524,60690,2.0682814302191463,0.8470495322263808,0.03529618950549729,0.043899830285610286
115,False,False,True,True,False,False,False,True,0.8031497019407705,0.7046301643674077,0.7291377054939837,0.8938848385537911,0.8278904259172641,0.7509532084153487,0.7749588739610556,0.8885870605407575,0.8168299480592788,0.7062626820217968,0.7045856295198675,0.9716149809423748,0.8276123473270136,0.7307184250076961,0.7279398241246213,0.9589162204528108,0.8424626473835708,0.7716444705992392,0.7874021082955934,0.9058108715859928,0.8384458914462678,0.7658017173458282,0.7835962080936316,0.901556682138968,0.8470495322263808,0.7782980973305275,0.7917113373295207,0.9107103121002688,125524,60690,2.0682814302191463,0.8470495322263808,0.03529618950549729,0.043899830285610286
133,False,False,False,True,False,False,False,True,0.8031497019407705,0.7046301643674077,0.7291377054939837,0.8938848385537911,0.8278904259172641,0.7509532084153487,0.7749588739610556,0.8885870605407575,0.8168299480592788,0.7062626820217968,0.7045856295198675,0.9716149809423748,0.8276123473270136,0.7307184250076961,0.7279398241246213,0.9589162204528108,0.8424626473835708,0.7716444705992392,0.7874021082955934,0.9058108715859928,0.8384458914462678,0.7658017173458282,0.7835962080936316,0.901556682138968,0.8470495322263808,0.7782980973305275,0.7917113373295207,0.9107103121002688,125524,60690,2.0682814302191463,0.8470495322263808,0.03529618950549729,0.043899830285610286
25,True,True,False,True,False,False,False,True,0.8031497019407705,0.7046301643674077,0.7291377054939837,0.8938848385537911,0.8278904259172641,0.7509532084153487,0.7749588739610556,0.8885870605407575,0.8168299480592788,0.7062626820217968,0.7045856295198675,0.9716149809423748,0.8276123473270136,0.7307184250076961,0.7279398241246213,0.9589162204528108,0.8424626473835708,0.7716444705992392,0.7874021082955934,0.9058108715859928,0.8384458914462678,0.7658017173458282,0.7835962080936316,0.901556682138968,0.8470495322263808,0.7782980973305275,0.7917113373295207,0.9107103121002688,125524,60690,2.0682814302191463,0.8470495322263808,0.03529618950549729,0.043899830285610286
142,False,False,False,False,False,False,False,True,0.8031497019407705,0.7046301643674077,0.7291377054939837,0.8938848385537911,0.8278904259172641,0.7509532084153487,0.7749588739610556,0.8885870605407575,0.8168299480592788,0.7062626820217968,0.7045856295198675,0.9716149809423748,0.8276123473270136,0.7307184250076961,0.7279398241246213,0.9589162204528108,0.8424626473835708,0.7716444705992392,0.7874021082955934,0.9058108715859928,0.8384458914462678,0.7658017173458282,0.7835962080936316,0.901556682138968,0.8470495322263808,0.7782980973305275,0.7917113373295207,0.9107103121002688,125524,60690,2.0682814302191463,0.8470495322263808,0.03529618950549729,0.043899830285610286
43,True,False,True,True,False,False,False,True,0.8031497019407705,0.7046301643674077,0.7291377054939837,0.8938848385537911,0.8278904259172641,0.7509532084153487,0.7749588739610556,0.8885870605407575,0.8168299480592788,0.7062626820217968,0.7045856295198675,0.9716149809423748,0.8276123473270136,0.7307184250076961,0.7279398241246213,0.9589162204528108,0.8424626473835708,0.7716444705992392,0.7874021082955934,0.9058108715859928,0.8384458914462678,0.7658017173458282,0.7835962080936316,0.901556682138968,0.8470495322263808,0.7782980973305275,0.7917113373295207,0.9107103121002688,125524,60690,2.0682814302191463,0.8470495322263808,0.03529618950549729,0.043899830285610286
70,True,False,False,False,False,False,False,True,0.8031497019407705,0.7046301643674077,0.7291377054939837,0.8938848385537911,0.8278904259172641,0.7509532084153487,0.7749588739610556,0.8885870605407575,0.8168299480592788,0.7062626820217968,0.7045856295198675,0.9716149809423748,0.8276123473270136,0.7307184250076961,0.7279398241246213,0.9589162204528108,0.8424626473835708,0.7716444705992392,0.7874021082955934,0.9058108715859928,0.8384458914462678,0.7658017173458282,0.7835962080936316,0.901556682138968,0.8470495322263808,0.7782980973305275,0.7917113373295207,0.9107103121002688,125524,60690,2.0682814302191463,0.8470495322263808,0.03529618950549729,0.043899830285610286
16,True,True,True,False,False,False,False,True,0.8031497019407705,0.7046301643674077,0.7291377054939837,0.8938848385537911,0.8278904259172641,0.7509532084153487,0.7749588739610556,0.8885870605407575,0.8168299480592788,0.7062626820217968,0.7045856295198675,0.9716149809423748,0.8276123473270136,0.7307184250076961,0.7279398241246213,0.9589162204528108,0.8424626473835708,0.7716444705992392,0.7874021082955934,0.9058108715859928,0.8384458914462678,0.7658017173458282,0.7835962080936316,0.901556682138968,0.8470495322263808,0.7782980973305275,0.7917113373295207,0.9107103121002688,125524,60690,2.0682814302191463,0.8470495322263808,0.03529618950549729,0.043899830285610286
106,False,True,False,False,False,False,False,True,0.8031497019407705,0.7046301643674077,0.7291377054939837,0.8938848385537911,0.8278904259172641,0.7509532084153487,0.7749588739610556,0.8885870605407575,0.8168299480592788,0.7062626820217968,0.7045856295198675,0.9716149809423748,0.8276123473270136,0.7307184250076961,0.7279398241246213,0.9589162204528108,0.8424626473835708,0.7716444705992392,0.7874021082955934,0.9058108715859928,0.8384458914462678,0.7658017173458282,0.7835962080936316,0.901556682138968,0.8470495322263808,0.7782980973305275,0.7917113373295207,0.9107103121002688,125524,60690,2.0682814302191463,0.8470495322263808,0.03529618950549729,0.043899830285610286
61,True,False,False,True,False,False,False,True,0.8031497019407705,0.7046301643674077,0.7291377054939837,0.8938848385537911,0.8278904259172641,0.7509532084153487,0.7749588739610556,0.8885870605407575,0.8168299480592788,0.7062626820217968,0.7045856295198675,0.9716149809423748,0.8276123473270136,0.7307184250076961,0.7279398241246213,0.9589162204528108,0.8424626473835708,0.7716444705992392,0.7874021082955934,0.9058108715859928,0.8384458914462678,0.7658017173458282,0.7835962080936316,0.901556682138968,0.8470495322263808,0.7782980973305275,0.7917113373295207,0.9107103121002688,125524,60690,2.0682814302191463,0.8470495322263808,0.03529618950549729,0.043899830285610286
124,False,False,True,False,False,False,False,True,0.8031497019407705,0.7046301643674077,0.7291377054939837,0.8938848385537911,0.8278904259172641,0.7509532084153487,0.7749588739610556,0.8885870605407575,0.8168299480592788,0.7062626820217968,0.7045856295198675,0.9716149809423748,0.8276123473270136,0.7307184250076961,0.7279398241246213,0.9589162204528108,0.8424626473835708,0.7716444705992392,0.7874021082955934,0.9058108715859928,0.8384458914462678,0.7658017173458282,0.7835962080936316,0.901556682138968,0.8470495322263808,0.7782980973305275,0.7917113373295207,0.9107103121002688,125524,60690,2.0682814302191463,0.8470495322263808,0.03529618950549729,0.043899830285610286
97,False,True,False,True,False,False,False,True,0.8031497019407705,0.7046301643674077,0.7291377054939837,0.8938848385537911,0.8278904259172641,0.7509532084153487,0.7749588739610556,0.8885870605407575,0.8168299480592788,0.7062626820217968,0.7045856295198675,0.9716149809423748,0.8276123473270136,0.7307184250076961,0.7279398241246213,0.9589162204528108,0.8424626473835708,0.7716444705992392,0.7874021082955934,0.9058108715859928,0.8384458914462678,0.7658017173458282,0.7835962080936316,0.901556682138968,0.8470495322263808,0.7782980973305275,0.7917113373295207,0.9107103121002688,125524,60690,2.0682814302191463,0.8470495322263808,0.03529618950549729,0.043899830285610286
34,True,True,False,False,False,False,False,True,0.8031497019407705,0.7046301643674077,0.7291377054939837,0.8938848385537911,0.8278904259172641,0.7509532084153487,0.7749588739610556,0.8885870605407575,0.8168299480592788,0.7062626820217968,0.7045856295198675,0.9716149809423748,0.8276123473270136,0.7307184250076961,0.7279398241246213,0.9589162204528108,0.8424626473835708,0.7716444705992392,0.7874021082955934,0.9058108715859928,0.8384458914462678,0.7658017173458282,0.7835962080936316,0.901556682138968,0.8470495322263808,0.7782980973305275,0.7917113373295207,0.9107103121002688,125524,60690,2.0682814302191463,0.8470495322263808,0.03529618950549729,0.043899830285610286
52,True,False,True,False,False,False,False,True,0.8031497019407705,0.7046301643674077,0.7291377054939837,0.8938848385537911,0.8278904259172641,0.7509532084153487,0.7749588739610556,0.8885870605407575,0.8168299480592788,0.7062626820217968,0.7045856295198675,0.9716149809423748,0.8276123473270136,0.7307184250076961,0.7279398241246213,0.9589162204528108,0.8424626473835708,0.7716444705992392,0.7874021082955934,0.9058108715859928,0.8384458914462678,0.7658017173458282,0.7835962080936316,0.901556682138968,0.8470495322263808,0.7782980973305275,0.7917113373295207,0.9107103121002688,125524,60690,2.0682814302191463,0.8470495322263808,0.03529618950549729,0.043899830285610286
79,False,True,True,True,False,False,False,True,0.8031497019407705,0.7046301643674077,0.7291377054939837,0.8938848385537911,0.8278904259172641,0.7509532084153487,0.7749588739610556,0.8885870605407575,0.8168299480592788,0.7062626820217968,0.7045856295198675,0.9716149809423748,0.8276123473270136,0.7307184250076961,0.7279398241246213,0.9589162204528108,0.8424626473835708,0.7716444705992392,0.7874021082955934,0.9058108715859928,0.8384458914462678,0.7658017173458282,0.7835962080936316,0.901556682138968,0.8470495322263808,0.7782980973305275,0.7917113373295207,0.9107103121002688,125524,60690,2.0682814302191463,0.8470495322263808,0.03529618950549729,0.043899830285610286
48,True,False,True,False,False,True,True,False,0.9143315059821833,0.912630433956785,0.9043085729935256,0.9245825088504338,0.9176018110217414,0.915019553560113,0.8977775802376418,0.9383272101974562,0.8882944400153432,0.8759614217536577,0.8136569026706582,0.9780227421418198,0.9479968703059104,0.945687523582311,0.9165317304802553,0.9817009048154006,0.9435004058327525,0.9418752202681508,0.9253154743702556,0.9624237195493469,0.9346439162704725,0.932925044456792,0.918745491815695,0.951103939877909,0.9558811615032651,0.9546788083057821,0.9387777876017104,0.9736211911809715,98147,96486,1.0172149327363555,0.9558811615032651,0.02031241028828923,0.04154965552108181
93,False,True,False,True,False,True,True,False,0.9143315059821833,0.912630433956785,0.9043085729935256,0.9245825088504338,0.9176018110217414,0.915019553560113,0.8977775802376418,0.9383272101974562,0.8882944400153432,0.8759614217536577,0.8136569026706582,0.9780227421418198,0.9479968703059104,0.945687523582311,0.9165317304802553,0.9817009048154006,0.9435004058327525,0.9418752202681508,0.9253154743702556,0.9624237195493469,0.9346439162704725,0.932925044456792,0.918745491815695,0.951103939877909,0.9558811615032651,0.9546788083057821,0.9387777876017104,0.9736211911809715,98147,96486,1.0172149327363555,0.9558811615032651,0.02031241028828923,0.04154965552108181
102,False,True,False,False,False,True,True,False,0.9143315059821833,0.912630433956785,0.9043085729935256,0.9245825088504338,0.9176018110217414,0.915019553560113,0.8977775802376418,0.9383272101974562,0.8882944400153432,0.8759614217536577,0.8136569026706582,0.9780227421418198,0.9479968703059104,0.945687523582311,0.9165317304802553,0.9817009048154006,0.9435004058327525,0.9418752202681508,0.9253154743702556,0.9624237195493469,0.9346439162704725,0.932925044456792,0.918745491815695,0.951103939877909,0.9558811615032651,0.9546788083057821,0.9387777876017104,0.9736211911809715,98147,96486,1.0172149327363555,0.9558811615032651,0.02031241028828923,0.04154965552108181
12,True,True,True,False,False,True,True,False,0.9143315059821833,0.912630433956785,0.9043085729935256,0.9245825088504338,0.9176018110217414,0.915019553560113,0.8977775802376418,0.9383272101974562,0.8882944400153432,0.8759614217536577,0.8136569026706582,0.9780227421418198,0.9479968703059104,0.945687523582311,0.9165317304802553,0.9817009048154006,0.9435004058327525,0.9418752202681508,0.9253154743702556,0.9624237195493469,0.9346439162704725,0.932925044456792,0.918745491815695,0.951103939877909,0.9558811615032651,0.9546788083057821,0.9387777876017104,0.9736211911809715,98147,96486,1.0172149327363555,0.9558811615032651,0.02031241028828923,0.04154965552108181
30,True,True,False,False,False,True,True,False,0.9143315059821833,0.912630433956785,0.9043085729935256,0.9245825088504338,0.9176018110217414,0.915019553560113,0.8977775802376418,0.9383272101974562,0.8882944400153432,0.8759614217536577,0.8136569026706582,0.9780227421418198,0.9479968703059104,0.945687523582311,0.9165317304802553,0.9817009048154006,0.9435004058327525,0.9418752202681508,0.9253154743702556,0.9624237195493469,0.9346439162704725,0.932925044456792,0.918745491815695,0.951103939877909,0.9558811615032651,0.9546788083057821,0.9387777876017104,0.9736211911809715,98147,96486,1.0172149327363555,0.9558811615032651,0.02031241028828923,0.04154965552108181
138,False,False,False,False,False,True,True,False,0.9143315059821833,0.912630433956785,0.9043085729935256,0.9245825088504338,0.9176018110217414,0.915019553560113,0.8977775802376418,0.9383272101974562,0.8882944400153432,0.8759614217536577,0.8136569026706582,0.9780227421418198,0.9479968703059104,0.945687523582311,0.9165317304802553,0.9817009048154006,0.9435004058327525,0.9418752202681508,0.9253154743702556,0.9624237195493469,0.9346439162704725,0.932925044456792,0.918745491815695,0.951103939877909,0.9558811615032651,0.9546788083057821,0.9387777876017104,0.9736211911809715,98147,96486,1.0172149327363555,0.9558811615032651,0.02031241028828923,0.04154965552108181
84,False,True,True,False,False,True,True,False,0.9143315059821833,0.912630433956785,0.9043085729935256,0.9245825088504338,0.9176018110217414,0.915019553560113,0.8977775802376418,0.9383272101974562,0.8882944400153432,0.8759614217536577,0.8136569026706582,0.9780227421418198,0.9479968703059104,0.945687523582311,0.9165317304802553,0.9817009048154006,0.9435004058327525,0.9418752202681508,0.9253154743702556,0.9624237195493469,0.9346439162704725,0.932925044456792,0.918745491815695,0.951103939877909,0.9558811615032651,0.9546788083057821,0.9387777876017104,0.9736211911809715,98147,96486,1.0172149327363555,0.9558811615032651,0.02031241028828923,0.04154965552108181
111,False,False,True,True,False,True,True,False,0.9143315059821833,0.912630433956785,0.9043085729935256,0.9245825088504338,0.9176018110217414,0.915019553560113,0.8977775802376418,0.9383272101974562,0.8882944400153432,0.8759614217536577,0.8136569026706582,0.9780227421418198,0.9479968703059104,0.945687523582311,0.9165317304802553,0.9817009048154006,0.9435004058327525,0.9418752202681508,0.9253154743702556,0.9624237195493469,0.9346439162704725,0.932925044456792,0.918745491815695,0.951103939877909,0.9558811615032651,0.9546788083057821,0.9387777876017104,0.9736211911809715,98147,96486,1.0172149327363555,0.9558811615032651,0.02031241028828923,0.04154965552108181
75,False,True,True,True,False,True,True,False,0.9143315059821833,0.912630433956785,0.9043085729935256,0.9245825088504338,0.9176018110217414,0.915019553560113,0.8977775802376418,0.9383272101974562,0.8882944400153432,0.8759614217536577,0.8136569026706582,0.9780227421418198,0.9479968703059104,0.945687523582311,0.9165317304802553,0.9817009048154006,0.9435004058327525,0.9418752202681508,0.9253154743702556,0.9624237195493469,0.9346439162704725,0.932925044456792,0.918745491815695,0.951103939877909,0.9558811615032651,0.9546788083057821,0.9387777876017104,0.9736211911809715,98147,96486,1.0172149327363555,0.9558811615032651,0.02031241028828923,0.04154965552108181
66,True,False,False,False,False,True,True,False,0.9143315059821833,0.912630433956785,0.9043085729935256,0.9245825088504338,0.9176018110217414,0.915019553560113,0.8977775802376418,0.9383272101974562,0.8882944400153432,0.8759614217536577,0.8136569026706582,0.9780227421418198,0.9479968703059104,0.945687523582311,0.9165317304802553,0.9817009048154006,0.9435004058327525,0.9418752202681508,0.9253154743702556,0.9624237195493469,0.9346439162704725,0.932925044456792,0.918745491815695,0.951103939877909,0.9558811615032651,0.9546788083057821,0.9387777876017104,0.9736211911809715,98147,96486,1.0172149327363555,0.9558811615032651,0.02031241028828923,0.04154965552108181
39,True,False,True,True,False,True,True,False,0.9143315059821833,0.912630433956785,0.9043085729935256,0.9245825088504338,0.9176018110217414,0.915019553560113,0.8977775802376418,0.9383272101974562,0.8882944400153432,0.8759614217536577,0.8136569026706582,0.9780227421418198,0.9479968703059104,0.945687523582311,0.9165317304802553,0.9817009048154006,0.9435004058327525,0.9418752202681508,0.9253154743702556,0.9624237195493469,0.9346439162704725,0.932925044456792,0.918745491815695,0.951103939877909,0.9558811615032651,0.9546788083057821,0.9387777876017104,0.9736211911809715,98147,96486,1.0172149327363555,0.9558811615032651,0.02031241028828923,0.04154965552108181
21,True,True,False,True,False,True,True,False,0.9143315059821833,0.912630433956785,0.9043085729935256,0.9245825088504338,0.9176018110217414,0.915019553560113,0.8977775802376418,0.9383272101974562,0.8882944400153432,0.8759614217536577,0.8136569026706582,0.9780227421418198,0.9479968703059104,0.945687523582311,0.9165317304802553,0.9817009048154006,0.9435004058327525,0.9418752202681508,0.9253154743702556,0.9624237195493469,0.9346439162704725,0.932925044456792,0.918745491815695,0.951103939877909,0.9558811615032651,0.9546788083057821,0.9387777876017104,0.9736211911809715,98147,96486,1.0172149327363555,0.9558811615032651,0.02031241028828923,0.04154965552108181
120,False,False,True,False,False,True,True,False,0.9143315059821833,0.912630433956785,0.9043085729935256,0.9245825088504338,0.9176018110217414,0.915019553560113,0.8977775802376418,0.9383272101974562,0.8882944400153432,0.8759614217536577,0.8136569026706582,0.9780227421418198,0.9479968703059104,0.945687523582311,0.9165317304802553,0.9817009048154006,0.9435004058327525,0.9418752202681508,0.9253154743702556,0.9624237195493469,0.9346439162704725,0.932925044456792,0.918745491815695,0.951103939877909,0.9558811615032651,0.9546788083057821,0.9387777876017104,0.9736211911809715,98147,96486,1.0172149327363555,0.9558811615032651,0.02031241028828923,0.04154965552108181
57,True,False,False,True,False,True,True,False,0.9143315059821833,0.912630433956785,0.9043085729935256,0.9245825088504338,0.9176018110217414,0.915019553560113,0.8977775802376418,0.9383272101974562,0.8882944400153432,0.8759614217536577,0.8136569026706582,0.9780227421418198,0.9479968703059104,0.945687523582311,0.9165317304802553,0.9817009048154006,0.9435004058327525,0.9418752202681508,0.9253154743702556,0.9624237195493469,0.9346439162704725,0.932925044456792,0.918745491815695,0.951103939877909,0.9558811615032651,0.9546788083057821,0.9387777876017104,0.9736211911809715,98147,96486,1.0172149327363555,0.9558811615032651,0.02031241028828923,0.04154965552108181
3,True,True,True,True,False,True,True,False,0.9143315059821833,0.912630433956785,0.9043085729935256,0.9245825088504338,0.9176018110217414,0.915019553560113,0.8977775802376418,0.9383272101974562,0.8882944400153432,0.8759614217536577,0.8136569026706582,0.9780227421418198,0.9479968703059104,0.945687523582311,0.9165317304802553,0.9817009048154006,0.9435004058327525,0.9418752202681508,0.9253154743702556,0.9624237195493469,0.9346439162704725,0.932925044456792,0.918745491815695,0.951103939877909,0.9558811615032651,0.9546788083057821,0.9387777876017104,0.9736211911809715,98147,96486,1.0172149327363555,0.9558811615032651,0.02031241028828923,0.04154965552108181
129,False,False,False,True,False,True,True,False,0.9143315059821833,0.912630433956785,0.9043085729935256,0.9245825088504338,0.9176018110217414,0.915019553560113,0.8977775802376418,0.9383272101974562,0.8882944400153432,0.8759614217536577,0.8136569026706582,0.9780227421418198,0.9479968703059104,0.945687523582311,0.9165317304802553,0.9817009048154006,0.9435004058327525,0.9418752202681508,0.9253154743702556,0.9624237195493469,0.9346439162704725,0.932925044456792,0.918745491815695,0.951103939877909,0.9558811615032651,0.9546788083057821,0.9387777876017104,0.9736211911809715,98147,96486,1.0172149327363555,0.9558811615032651,0.02031241028828923,0.04154965552108181
8,True,True,True,True,False,False,False,False,0.876290398646853,0.8232353725549922,0.8242554751929847,0.9353388800422822,0.8826038071309938,0.833912234211828,0.8375539914729788,0.9327772004396528,0.8805880144995571,0.8204962055836885,0.7936981081643717,0.9888417799453316,0.9051708123765897,0.861398573756202,0.8349471584316926,0.9882917236555129,0.912731446342949,0.8770783090280554,0.8695849888772287,0.9603835932258858,0.8988902532875764,0.8575443868410353,0.8561938710969337,0.9460696304084865,0.9173776131269588,0.8836842861001546,0.8744330986939348,0.9647588712020723,318151,157176,2.0241703567974754,0.9173776131269588,0.02259985464072345,0.04108721448010577
116,False,False,True,True,False,False,False,False,0.876290398646853,0.8232353725549922,0.8242554751929847,0.9353388800422822,0.8826038071309938,0.833912234211828,0.8375539914729788,0.9327772004396528,0.8805880144995571,0.8204962055836885,0.7936981081643717,0.9888417799453316,0.9051708123765897,0.861398573756202,0.8349471584316926,0.9882917236555129,0.912731446342949,0.8770783090280554,0.8695849888772287,0.9603835932258858,0.8988902532875764,0.8575443868410353,0.8561938710969337,0.9460696304084865,0.9173776131269588,0.8836842861001546,0.8744330986939348,0.9647588712020723,318151,157176,2.0241703567974754,0.9173776131269588,0.02259985464072345,0.04108721448010577
107,False,True,False,False,False,False,False,False,0.876290398646853,0.8232353725549922,0.8242554751929847,0.9353388800422822,0.8826038071309938,0.833912234211828,0.8375539914729788,0.9327772004396528,0.8805880144995571,0.8204962055836885,0.7936981081643717,0.9888417799453316,0.9051708123765897,0.861398573756202,0.8349471584316926,0.9882917236555129,0.912731446342949,0.8770783090280554,0.8695849888772287,0.9603835932258858,0.8988902532875764,0.8575443868410353,0.8561938710969337,0.9460696304084865,0.9173776131269588,0.8836842861001546,0.8744330986939348,0.9647588712020723,318151,157176,2.0241703567974754,0.9173776131269588,0.02259985464072345,0.04108721448010577
125,False,False,True,False,False,False,False,False,0.876290398646853,0.8232353725549922,0.8242554751929847,0.9353388800422822,0.8826038071309938,0.833912234211828,0.8375539914729788,0.9327772004396528,0.8805880144995571,0.8204962055836885,0.7936981081643717,0.9888417799453316,0.9051708123765897,0.861398573756202,0.8349471584316926,0.9882917236555129,0.912731446342949,0.8770783090280554,0.8695849888772287,0.9603835932258858,0.8988902532875764,0.8575443868410353,0.8561938710969337,0.9460696304084865,0.9173776131269588,0.8836842861001546,0.8744330986939348,0.9647588712020723,318151,157176,2.0241703567974754,0.9173776131269588,0.02259985464072345,0.04108721448010577
134,False,False,False,True,False,False,False,False,0.876290398646853,0.8232353725549922,0.8242554751929847,0.9353388800422822,0.8826038071309938,0.833912234211828,0.8375539914729788,0.9327772004396528,0.8805880144995571,0.8204962055836885,0.7936981081643717,0.9888417799453316,0.9051708123765897,0.861398573756202,0.8349471584316926,0.9882917236555129,0.912731446342949,0.8770783090280554,0.8695849888772287,0.9603835932258858,0.8988902532875764,0.8575443868410353,0.8561938710969337,0.9460696304084865,0.9173776131269588,0.8836842861001546,0.8744330986939348,0.9647588712020723,318151,157176,2.0241703567974754,0.9173776131269588,0.02259985464072345,0.04108721448010577
143,False,False,False,False,False,False,False,False,0.876290398646853,0.8232353725549922,0.8242554751929847,0.9353388800422822,0.8826038071309938,0.833912234211828,0.8375539914729788,0.9327772004396528,0.8805880144995571,0.8204962055836885,0.7936981081643717,0.9888417799453316,0.9051708123765897,0.861398573756202,0.8349471584316926,0.9882917236555129,0.912731446342949,0.8770783090280554,0.8695849888772287,0.9603835932258858,0.8988902532875764,0.8575443868410353,0.8561938710969337,0.9460696304084865,0.9173776131269588,0.8836842861001546,0.8744330986939348,0.9647588712020723,318151,157176,2.0241703567974754,0.9173776131269588,0.02259985464072345,0.04108721448010577
98,False,True,False,True,False,False,False,False,0.876290398646853,0.8232353725549922,0.8242554751929847,0.9353388800422822,0.8826038071309938,0.833912234211828,0.8375539914729788,0.9327772004396528,0.8805880144995571,0.8204962055836885,0.7936981081643717,0.9888417799453316,0.9051708123765897,0.861398573756202,0.8349471584316926,0.9882917236555129,0.912731446342949,0.8770783090280554,0.8695849888772287,0.9603835932258858,0.8988902532875764,0.8575443868410353,0.8561938710969337,0.9460696304084865,0.9173776131269588,0.8836842861001546,0.8744330986939348,0.9647588712020723,318151,157176,2.0241703567974754,0.9173776131269588,0.02259985464072345,0.04108721448010577
89,False,True,True,False,False,False,False,False,0.876290398646853,0.8232353725549922,0.8242554751929847,0.9353388800422822,0.8826038071309938,0.833912234211828,0.8375539914729788,0.9327772004396528,0.8805880144995571,0.8204962055836885,0.7936981081643717,0.9888417799453316,0.9051708123765897,0.861398573756202,0.8349471584316926,0.9882917236555129,0.912731446342949,0.8770783090280554,0.8695849888772287,0.9603835932258858,0.8988902532875764,0.8575443868410353,0.8561938710969337,0.9460696304084865,0.9173776131269588,0.8836842861001546,0.8744330986939348,0.9647588712020723,318151,157176,2.0241703567974754,0.9173776131269588,0.02259985464072345,0.04108721448010577
71,True,False,False,False,False,False,False,False,0.876290398646853,0.8232353725549922,0.8242554751929847,0.9353388800422822,0.8826038071309938,0.833912234211828,0.8375539914729788,0.9327772004396528,0.8805880144995571,0.8204962055836885,0.7936981081643717,0.9888417799453316,0.9051708123765897,0.861398573756202,0.8349471584316926,0.9882917236555129,0.912731446342949,0.8770783090280554,0.8695849888772287,0.9603835932258858,0.8988902532875764,0.8575443868410353,0.8561938710969337,0.9460696304084865,0.9173776131269588,0.8836842861001546,0.8744330986939348,0.9647588712020723,318151,157176,2.0241703567974754,0.9173776131269588,0.02259985464072345,0.04108721448010577
17,True,True,True,False,False,False,False,False,0.876290398646853,0.8232353725549922,0.8242554751929847,0.9353388800422822,0.8826038071309938,0.833912234211828,0.8375539914729788,0.9327772004396528,0.8805880144995571,0.8204962055836885,0.7936981081643717,0.9888417799453316,0.9051708123765897,0.861398573756202,0.8349471584316926,0.9882917236555129,0.912731446342949,0.8770783090280554,0.8695849888772287,0.9603835932258858,0.8988902532875764,0.8575443868410353,0.8561938710969337,0.9460696304084865,0.9173776131269588,0.8836842861001546,0.8744330986939348,0.9647588712020723,318151,157176,2.0241703567974754,0.9173776131269588,0.02259985464072345,0.04108721448010577
53,True,False,True,False,False,False,False,False,0.876290398646853,0.8232353725549922,0.8242554751929847,0.9353388800422822,0.8826038071309938,0.833912234211828,0.8375539914729788,0.9327772004396528,0.8805880144995571,0.8204962055836885,0.7936981081643717,0.9888417799453316,0.9051708123765897,0.861398573756202,0.8349471584316926,0.9882917236555129,0.912731446342949,0.8770783090280554,0.8695849888772287,0.9603835932258858,0.8988902532875764,0.8575443868410353,0.8561938710969337,0.9460696304084865,0.9173776131269588,0.8836842861001546,0.8744330986939348,0.9647588712020723,318151,157176,2.0241703567974754,0.9173776131269588,0.02259985464072345,0.04108721448010577
62,True,False,False,True,False,False,False,False,0.876290398646853,0.8232353725549922,0.8242554751929847,0.9353388800422822,0.8826038071309938,0.833912234211828,0.8375539914729788,0.9327772004396528,0.8805880144995571,0.8204962055836885,0.7936981081643717,0.9888417799453316,0.9051708123765897,0.861398573756202,0.8349471584316926,0.9882917236555129,0.912731446342949,0.8770783090280554,0.8695849888772287,0.9603835932258858,0.8988902532875764,0.8575443868410353,0.8561938710969337,0.9460696304084865,0.9173776131269588,0.8836842861001546,0.8744330986939348,0.9647588712020723,318151,157176,2.0241703567974754,0.9173776131269588,0.02259985464072345,0.04108721448010577
44,True,False,True,True,False,False,False,False,0.876290398646853,0.8232353725549922,0.8242554751929847,0.9353388800422822,0.8826038071309938,0.833912234211828,0.8375539914729788,0.9327772004396528,0.8805880144995571,0.8204962055836885,0.7936981081643717,0.9888417799453316,0.9051708123765897,0.861398573756202,0.8349471584316926,0.9882917236555129,0.912731446342949,0.8770783090280554,0.8695849888772287,0.9603835932258858,0.8988902532875764,0.8575443868410353,0.8561938710969337,0.9460696304084865,0.9173776131269588,0.8836842861001546,0.8744330986939348,0.9647588712020723,318151,157176,2.0241703567974754,0.9173776131269588,0.02259985464072345,0.04108721448010577
80,False,True,True,True,False,False,False,False,0.876290398646853,0.8232353725549922,0.8242554751929847,0.9353388800422822,0.8826038071309938,0.833912234211828,0.8375539914729788,0.9327772004396528,0.8805880144995571,0.8204962055836885,0.7936981081643717,0.9888417799453316,0.9051708123765897,0.861398573756202,0.8349471584316926,0.9882917236555129,0.912731446342949,0.8770783090280554,0.8695849888772287,0.9603835932258858,0.8988902532875764,0.8575443868410353,0.8561938710969337,0.9460696304084865,0.9173776131269588,0.8836842861001546,0.8744330986939348,0.9647588712020723,318151,157176,2.0241703567974754,0.9173776131269588,0.02259985464072345,0.04108721448010577
26,True,True,False,True,False,False,False,False,0.876290398646853,0.8232353725549922,0.8242554751929847,0.9353388800422822,0.8826038071309938,0.833912234211828,0.8375539914729788,0.9327772004396528,0.8805880144995571,0.8204962055836885,0.7936981081643717,0.9888417799453316,0.9051708123765897,0.861398573756202,0.8349471584316926,0.9882917236555129,0.912731446342949,0.8770783090280554,0.8695849888772287,0.9603835932258858,0.8988902532875764,0.8575443868410353,0.8561938710969337,0.9460696304084865,0.9173776131269588,0.8836842861001546,0.8744330986939348,0.9647588712020723,318151,157176,2.0241703567974754,0.9173776131269588,0.02259985464072345,0.04108721448010577
35,True,True,False,False,False,False,False,False,0.876290398646853,0.8232353725549922,0.8242554751929847,0.9353388800422822,0.8826038071309938,0.833912234211828,0.8375539914729788,0.9327772004396528,0.8805880144995571,0.8204962055836885,0.7936981081643717,0.9888417799453316,0.9051708123765897,0.861398573756202,0.8349471584316926,0.9882917236555129,0.912731446342949,0.8770783090280554,0.8695849888772287,0.9603835932258858,0.8988902532875764,0.8575443868410353,0.8561938710969337,0.9460696304084865,0.9173776131269588,0.8836842861001546,0.8744330986939348,0.9647588712020723,318151,157176,2.0241703567974754,0.9173776131269588,0.02259985464072345,0.04108721448010577
41,True,False,True,True,False,True,False,False,0.8707586285459412,0.8596948177801362,0.8156325165823075,0.9338780377571959,0.8750219617268,0.8641222698561235,0.8185658035559417,0.9398445334968487,0.8607298223264763,0.8386290913023405,0.7641441731916562,0.9852669052447854,0.895319432095018,0.8830481178114059,0.8184113548714652,0.9881849779430869,0.8963063435316277,0.8873530180043879,0.8390605236883703,0.9619410747620908,0.8893711787855303,0.8803426315394065,0.8357579654559041,0.9503371310297875,0.9047114635740063,0.8967169653640514,0.8486005675328878,0.9687705753496646,161066,157176,1.0247493255967832,0.9047114635740063,0.018612550239589076,0.03395283502806512
50,True,False,True,False,False,True,False,False,0.8707586285459412,0.8596948177801362,0.8156325165823075,0.9338780377571959,0.8750219617268,0.8641222698561235,0.8185658035559417,0.9398445334968487,0.8607298223264763,0.8386290913023405,0.7641441731916562,0.9852669052447854,0.895319432095018,0.8830481178114059,0.8184113548714652,0.9881849779430869,0.8963063435316277,0.8873530180043879,0.8390605236883703,0.9619410747620908,0.8893711787855303,0.8803426315394065,0.8357579654559041,0.9503371310297875,0.9047114635740063,0.8967169653640514,0.8486005675328878,0.9687705753496646,161066,157176,1.0247493255967832,0.9047114635740063,0.018612550239589076,0.03395283502806512
131,False,False,False,True,False,True,False,False,0.8707586285459412,0.8596948177801362,0.8156325165823075,0.9338780377571959,0.8750219617268,0.8641222698561235,0.8185658035559417,0.9398445334968487,0.8607298223264763,0.8386290913023405,0.7641441731916562,0.9852669052447854,0.895319432095018,0.8830481178114059,0.8184113548714652,0.9881849779430869,0.8963063435316277,0.8873530180043879,0.8390605236883703,0.9619410747620908,0.8893711787855303,0.8803426315394065,0.8357579654559041,0.9503371310297875,0.9047114635740063,0.8967169653640514,0.8486005675328878,0.9687705753496646,161066,157176,1.0247493255967832,0.9047114635740063,0.018612550239589076,0.03395283502806512
23,True,True,False,True,False,True,False,False,0.8707586285459412,0.8596948177801362,0.8156325165823075,0.9338780377571959,0.8750219617268,0.8641222698561235,0.8185658035559417,0.9398445334968487,0.8607298223264763,0.8386290913023405,0.7641441731916562,0.9852669052447854,0.895319432095018,0.8830481178114059,0.8184113548714652,0.9881849779430869,0.8963063435316277,0.8873530180043879,0.8390605236883703,0.9619410747620908,0.8893711787855303,0.8803426315394065,0.8357579654559041,0.9503371310297875,0.9047114635740063,0.8967169653640514,0.8486005675328878,0.9687705753496646,161066,157176,1.0247493255967832,0.9047114635740063,0.018612550239589076,0.03395283502806512
140,False,False,False,False,False,True,False,False,0.8707586285459412,0.8596948177801362,0.8156325165823075,0.9338780377571959,0.8750219617268,0.8641222698561235,0.8185658035559417,0.9398445334968487,0.8607298223264763,0.8386290913023405,0.7641441731916562,0.9852669052447854,0.895319432095018,0.8830481178114059,0.8184113548714652,0.9881849779430869,0.8963063435316277,0.8873530180043879,0.8390605236883703,0.9619410747620908,0.8893711787855303,0.8803426315394065,0.8357579654559041,0.9503371310297875,0.9047114635740063,0.8967169653640514,0.8486005675328878,0.9687705753496646,161066,157176,1.0247493255967832,0.9047114635740063,0.018612550239589076,0.03395283502806512
32,True,True,False,False,False,True,False,False,0.8707586285459412,0.8596948177801362,0.8156325165823075,0.9338780377571959,0.8750219617268,0.8641222698561235,0.8185658035559417,0.9398445334968487,0.8607298223264763,0.8386290913023405,0.7641441731916562,0.9852669052447854,0.895319432095018,0.8830481178114059,0.8184113548714652,0.9881849779430869,0.8963063435316277,0.8873530180043879,0.8390605236883703,0.9619410747620908,0.8893711787855303,0.8803426315394065,0.8357579654559041,0.9503371310297875,0.9047114635740063,0.8967169653640514,0.8486005675328878,0.9687705753496646,161066,157176,1.0247493255967832,0.9047114635740063,0.018612550239589076,0.03395283502806512
5,True,True,True,True,False,True,False,False,0.8707586285459412,0.8596948177801362,0.8156325165823075,0.9338780377571959,0.8750219617268,0.8641222698561235,0.8185658035559417,0.9398445334968487,0.8607298223264763,0.8386290913023405,0.7641441731916562,0.9852669052447854,0.895319432095018,0.8830481178114059,0.8184113548714652,0.9881849779430869,0.8963063435316277,0.8873530180043879,0.8390605236883703,0.9619410747620908,0.8893711787855303,0.8803426315394065,0.8357579654559041,0.9503371310297875,0.9047114635740063,0.8967169653640514,0.8486005675328878,0.9687705753496646,161066,157176,1.0247493255967832,0.9047114635740063,0.018612550239589076,0.03395283502806512
122,False,False,True,False,False,True,False,False,0.8707586285459412,0.8596948177801362,0.8156325165823075,0.9338780377571959,0.8750219617268,0.8641222698561235,0.8185658035559417,0.9398445334968487,0.8607298223264763,0.8386290913023405,0.7641441731916562,0.9852669052447854,0.895319432095018,0.8830481178114059,0.8184113548714652,0.9881849779430869,0.8963063435316277,0.8873530180043879,0.8390605236883703,0.9619410747620908,0.8893711787855303,0.8803426315394065,0.8357579654559041,0.9503371310297875,0.9047114635740063,0.8967169653640514,0.8486005675328878,0.9687705753496646,161066,157176,1.0247493255967832,0.9047114635740063,0.018612550239589076,0.03395283502806512
59,True,False,False,True,False,True,False,False,0.8707586285459412,0.8596948177801362,0.8156325165823075,0.9338780377571959,0.8750219617268,0.8641222698561235,0.8185658035559417,0.9398445334968487,0.8607298223264763,0.8386290913023405,0.7641441731916562,0.9852669052447854,0.895319432095018,0.8830481178114059,0.8184113548714652,0.9881849779430869,0.8963063435316277,0.8873530180043879,0.8390605236883703,0.9619410747620908,0.8893711787855303,0.8803426315394065,0.8357579654559041,0.9503371310297875,0.9047114635740063,0.8967169653640514,0.8486005675328878,0.9687705753496646,161066,157176,1.0247493255967832,0.9047114635740063,0.018612550239589076,0.03395283502806512
86,False,True,True,False,False,True,False,False,0.8707586285459412,0.8596948177801362,0.8156325165823075,0.9338780377571959,0.8750219617268,0.8641222698561235,0.8185658035559417,0.9398445334968487,0.8607298223264763,0.8386290913023405,0.7641441731916562,0.9852669052447854,0.895319432095018,0.8830481178114059,0.8184113548714652,0.9881849779430869,0.8963063435316277,0.8873530180043879,0.8390605236883703,0.9619410747620908,0.8893711787855303,0.8803426315394065,0.8357579654559041,0.9503371310297875,0.9047114635740063,0.8967169653640514,0.8486005675328878,0.9687705753496646,161066,157176,1.0247493255967832,0.9047114635740063,0.018612550239589076,0.03395283502806512
104,False,True,False,False,False,True,False,False,0.8707586285459412,0.8596948177801362,0.8156325165823075,0.9338780377571959,0.8750219617268,0.8641222698561235,0.8185658035559417,0.9398445334968487,0.8607298223264763,0.8386290913023405,0.7641441731916562,0.9852669052447854,0.895319432095018,0.8830481178114059,0.8184113548714652,0.9881849779430869,0.8963063435316277,0.8873530180043879,0.8390605236883703,0.9619410747620908,0.8893711787855303,0.8803426315394065,0.8357579654559041,0.9503371310297875,0.9047114635740063,0.8967169653640514,0.8486005675328878,0.9687705753496646,161066,157176,1.0247493255967832,0.9047114635740063,0.018612550239589076,0.03395283502806512
95,False,True,False,True,False,True,False,False,0.8707586285459412,0.8596948177801362,0.8156325165823075,0.9338780377571959,0.8750219617268,0.8641222698561235,0.8185658035559417,0.9398445334968487,0.8607298223264763,0.8386290913023405,0.7641441731916562,0.9852669052447854,0.895319432095018,0.8830481178114059,0.8184113548714652,0.9881849779430869,0.8963063435316277,0.8873530180043879,0.8390605236883703,0.9619410747620908,0.8893711787855303,0.8803426315394065,0.8357579654559041,0.9503371310297875,0.9047114635740063,0.8967169653640514,0.8486005675328878,0.9687705753496646,161066,157176,1.0247493255967832,0.9047114635740063,0.018612550239589076,0.03395283502806512
68,True,False,False,False,False,True,False,False,0.8707586285459412,0.8596948177801362,0.8156325165823075,0.9338780377571959,0.8750219617268,0.8641222698561235,0.8185658035559417,0.9398445334968487,0.8607298223264763,0.8386290913023405,0.7641441731916562,0.9852669052447854,0.895319432095018,0.8830481178114059,0.8184113548714652,0.9881849779430869,0.8963063435316277,0.8873530180043879,0.8390605236883703,0.9619410747620908,0.8893711787855303,0.8803426315394065,0.8357579654559041,0.9503371310297875,0.9047114635740063,0.8967169653640514,0.8486005675328878,0.9687705753496646,161066,157176,1.0247493255967832,0.9047114635740063,0.018612550239589076,0.03395283502806512
77,False,True,True,True,False,True,False,False,0.8707586285459412,0.8596948177801362,0.8156325165823075,0.9338780377571959,0.8750219617268,0.8641222698561235,0.8185658035559417,0.9398445334968487,0.8607298223264763,0.8386290913023405,0.7641441731916562,0.9852669052447854,0.895319432095018,0.8830481178114059,0.8184113548714652,0.9881849779430869,0.8963063435316277,0.8873530180043879,0.8390605236883703,0.9619410747620908,0.8893711787855303,0.8803426315394065,0.8357579654559041,0.9503371310297875,0.9047114635740063,0.8967169653640514,0.8486005675328878,0.9687705753496646,161066,157176,1.0247493255967832,0.9047114635740063,0.018612550239589076,0.03395283502806512
113,False,False,True,True,False,True,False,False,0.8707586285459412,0.8596948177801362,0.8156325165823075,0.9338780377571959,0.8750219617268,0.8641222698561235,0.8185658035559417,0.9398445334968487,0.8607298223264763,0.8386290913023405,0.7641441731916562,0.9852669052447854,0.895319432095018,0.8830481178114059,0.8184113548714652,0.9881849779430869,0.8963063435316277,0.8873530180043879,0.8390605236883703,0.9619410747620908,0.8893711787855303,0.8803426315394065,0.8357579654559041,0.9503371310297875,0.9047114635740063,0.8967169653640514,0.8486005675328878,0.9687705753496646,161066,157176,1.0247493255967832,0.9047114635740063,0.018612550239589076,0.03395283502806512
14,True,True,True,False,False,True,False,False,0.8707586285459412,0.8596948177801362,0.8156325165823075,0.9338780377571959,0.8750219617268,0.8641222698561235,0.8185658035559417,0.9398445334968487,0.8607298223264763,0.8386290913023405,0.7641441731916562,0.9852669052447854,0.895319432095018,0.8830481178114059,0.8184113548714652,0.9881849779430869,0.8963063435316277,0.8873530180043879,0.8390605236883703,0.9619410747620908,0.8893711787855303,0.8803426315394065,0.8357579654559041,0.9503371310297875,0.9047114635740063,0.8967169653640514,0.8486005675328878,0.9687705753496646,161066,157176,1.0247493255967832,0.9047114635740063,0.018612550239589076,0.03395283502806512
85,False,True,True,False,False,True,False,True,0.8087214029993461,0.7794577884793356,0.7240048237706326,0.9159077318468054,0.8160165218846694,0.7931056579617186,0.7454318676917339,0.9013811407322132,0.8270429229179497,0.7893599778446154,0.7104809693432602,0.9893672587445932,0.8336218999407924,0.80114714793587,0.7260237908875193,0.9786709901688264,0.8346685137711873,0.8133145415824993,0.7598924378497878,0.9257775831921686,0.8320699229196764,0.8105477643403874,0.7580734594947373,0.922090342377093,0.841613771290897,0.8206764791407355,0.7645272996576772,0.935997059625801,62919,60690,1.0367276322293624,0.841613771290897,0.02334851992033027,0.032892368291550844
31,True,True,False,False,False,True,False,True,0.8087214029993461,0.7794577884793356,0.7240048237706326,0.9159077318468054,0.8160165218846694,0.7931056579617186,0.7454318676917339,0.9013811407322132,0.8270429229179497,0.7893599778446154,0.7104809693432602,0.9893672587445932,0.8336218999407924,0.80114714793587,0.7260237908875193,0.9786709901688264,0.8346685137711873,0.8133145415824993,0.7598924378497878,0.9257775831921686,0.8320699229196764,0.8105477643403874,0.7580734594947373,0.922090342377093,0.841613771290897,0.8206764791407355,0.7645272996576772,0.935997059625801,62919,60690,1.0367276322293624,0.841613771290897,0.02334851992033027,0.032892368291550844
139,False,False,False,False,False,True,False,True,0.8087214029993461,0.7794577884793356,0.7240048237706326,0.9159077318468054,0.8160165218846694,0.7931056579617186,0.7454318676917339,0.9013811407322132,0.8270429229179497,0.7893599778446154,0.7104809693432602,0.9893672587445932,0.8336218999407924,0.80114714793587,0.7260237908875193,0.9786709901688264,0.8346685137711873,0.8133145415824993,0.7598924378497878,0.9257775831921686,0.8320699229196764,0.8105477643403874,0.7580734594947373,0.922090342377093,0.841613771290897,0.8206764791407355,0.7645272996576772,0.935997059625801,62919,60690,1.0367276322293624,0.841613771290897,0.02334851992033027,0.032892368291550844
94,False,True,False,True,False,True,False,True,0.8087214029993461,0.7794577884793356,0.7240048237706326,0.9159077318468054,0.8160165218846694,0.7931056579617186,0.7454318676917339,0.9013811407322132,0.8270429229179497,0.7893599778446154,0.7104809693432602,0.9893672587445932,0.8336218999407924,0.80114714793587,0.7260237908875193,0.9786709901688264,0.8346685137711873,0.8133145415824993,0.7598924378497878,0.9257775831921686,0.8320699229196764,0.8105477643403874,0.7580734594947373,0.922090342377093,0.841613771290897,0.8206764791407355,0.7645272996576772,0.935997059625801,62919,60690,1.0367276322293624,0.841613771290897,0.02334851992033027,0.032892368291550844
13,True,True,True,False,False,True,False,True,0.8087214029993461,0.7794577884793356,0.7240048237706326,0.9159077318468054,0.8160165218846694,0.7931056579617186,0.7454318676917339,0.9013811407322132,0.8270429229179497,0.7893599778446154,0.7104809693432602,0.9893672587445932,0.8336218999407924,0.80114714793587,0.7260237908875193,0.9786709901688264,0.8346685137711873,0.8133145415824993,0.7598924378497878,0.9257775831921686,0.8320699229196764,0.8105477643403874,0.7580734594947373,0.922090342377093,0.841613771290897,0.8206764791407355,0.7645272996576772,0.935997059625801,62919,60690,1.0367276322293624,0.841613771290897,0.02334851992033027,0.032892368291550844
40,True,False,True,True,False,True,False,True,0.8087214029993461,0.7794577884793356,0.7240048237706326,0.9159077318468054,0.8160165218846694,0.7931056579617186,0.7454318676917339,0.9013811407322132,0.8270429229179497,0.7893599778446154,0.7104809693432602,0.9893672587445932,0.8336218999407924,0.80114714793587,0.7260237908875193,0.9786709901688264,0.8346685137711873,0.8133145415824993,0.7598924378497878,0.9257775831921686,0.8320699229196764,0.8105477643403874,0.7580734594947373,0.922090342377093,0.841613771290897,0.8206764791407355,0.7645272996576772,0.935997059625801,62919,60690,1.0367276322293624,0.841613771290897,0.02334851992033027,0.032892368291550844
121,False,False,True,False,False,True,False,True,0.8087214029993461,0.7794577884793356,0.7240048237706326,0.9159077318468054,0.8160165218846694,0.7931056579617186,0.7454318676917339,0.9013811407322132,0.8270429229179497,0.7893599778446154,0.7104809693432602,0.9893672587445932,0.8336218999407924,0.80114714793587,0.7260237908875193,0.9786709901688264,0.8346685137711873,0.8133145415824993,0.7598924378497878,0.9257775831921686,0.8320699229196764,0.8105477643403874,0.7580734594947373,0.922090342377093,0.841613771290897,0.8206764791407355,0.7645272996576772,0.935997059625801,62919,60690,1.0367276322293624,0.841613771290897,0.02334851992033027,0.032892368291550844
49,True,False,True,False,False,True,False,True,0.8087214029993461,0.7794577884793356,0.7240048237706326,0.9159077318468054,0.8160165218846694,0.7931056579617186,0.7454318676917339,0.9013811407322132,0.8270429229179497,0.7893599778446154,0.7104809693432602,0.9893672587445932,0.8336218999407924,0.80114714793587,0.7260237908875193,0.9786709901688264,0.8346685137711873,0.8133145415824993,0.7598924378497878,0.9257775831921686,0.8320699229196764,0.8105477643403874,0.7580734594947373,0.922090342377093,0.841613771290897,0.8206764791407355,0.7645272996576772,0.935997059625801,62919,60690,1.0367276322293624,0.841613771290897,0.02334851992033027,0.032892368291550844
67,True,False,False,False,False,True,False,True,0.8087214029993461,0.7794577884793356,0.7240048237706326,0.9159077318468054,0.8160165218846694,0.7931056579617186,0.7454318676917339,0.9013811407322132,0.8270429229179497,0.7893599778446154,0.7104809693432602,0.9893672587445932,0.8336218999407924,0.80114714793587,0.7260237908875193,0.9786709901688264,0.8346685137711873,0.8133145415824993,0.7598924378497878,0.9257775831921686,0.8320699229196764,0.8105477643403874,0.7580734594947373,0.922090342377093,0.841613771290897,0.8206764791407355,0.7645272996576772,0.935997059625801,62919,60690,1.0367276322293624,0.841613771290897,0.02334851992033027,0.032892368291550844
130,False,False,False,True,False,True,False,True,0.8087214029993461,0.7794577884793356,0.7240048237706326,0.9159077318468054,0.8160165218846694,0.7931056579617186,0.7454318676917339,0.9013811407322132,0.8270429229179497,0.7893599778446154,0.7104809693432602,0.9893672587445932,0.8336218999407924,0.80114714793587,0.7260237908875193,0.9786709901688264,0.8346685137711873,0.8133145415824993,0.7598924378497878,0.9257775831921686,0.8320699229196764,0.8105477643403874,0.7580734594947373,0.922090342377093,0.841613771290897,0.8206764791407355,0.7645272996576772,0.935997059625801,62919,60690,1.0367276322293624,0.841613771290897,0.02334851992033027,0.032892368291550844
76,False,True,True,True,False,True,False,True,0.8087214029993461,0.7794577884793356,0.7240048237706326,0.9159077318468054,0.8160165218846694,0.7931056579617186,0.7454318676917339,0.9013811407322132,0.8270429229179497,0.7893599778446154,0.7104809693432602,0.9893672587445932,0.8336218999407924,0.80114714793587,0.7260237908875193,0.9786709901688264,0.8346685137711873,0.8133145415824993,0.7598924378497878,0.9257775831921686,0.8320699229196764,0.8105477643403874,0.7580734594947373,0.922090342377093,0.841613771290897,0.8206764791407355,0.7645272996576772,0.935997059625801,62919,60690,1.0367276322293624,0.841613771290897,0.02334851992033027,0.032892368291550844
4,True,True,True,True,False,True,False,True,0.8087214029993461,0.7794577884793356,0.7240048237706326,0.9159077318468054,0.8160165218846694,0.7931056579617186,0.7454318676917339,0.9013811407322132,0.8270429229179497,0.7893599778446154,0.7104809693432602,0.9893672587445932,0.8336218999407924,0.80114714793587,0.7260237908875193,0.9786709901688264,0.8346685137711873,0.8133145415824993,0.7598924378497878,0.9257775831921686,0.8320699229196764,0.8105477643403874,0.7580734594947373,0.922090342377093,0.841613771290897,0.8206764791407355,0.7645272996576772,0.935997059625801,62919,60690,1.0367276322293624,0.841613771290897,0.02334851992033027,0.032892368291550844
22,True,True,False,True,False,True,False,True,0.8087214029993461,0.7794577884793356,0.7240048237706326,0.9159077318468054,0.8160165218846694,0.7931056579617186,0.7454318676917339,0.9013811407322132,0.8270429229179497,0.7893599778446154,0.7104809693432602,0.9893672587445932,0.8336218999407924,0.80114714793587,0.7260237908875193,0.9786709901688264,0.8346685137711873,0.8133145415824993,0.7598924378497878,0.9257775831921686,0.8320699229196764,0.8105477643403874,0.7580734594947373,0.922090342377093,0.841613771290897,0.8206764791407355,0.7645272996576772,0.935997059625801,62919,60690,1.0367276322293624,0.841613771290897,0.02334851992033027,0.032892368291550844
58,True,False,False,True,False,True,False,True,0.8087214029993461,0.7794577884793356,0.7240048237706326,0.9159077318468054,0.8160165218846694,0.7931056579617186,0.7454318676917339,0.9013811407322132,0.8270429229179497,0.7893599778446154,0.7104809693432602,0.9893672587445932,0.8336218999407924,0.80114714793587,0.7260237908875193,0.9786709901688264,0.8346685137711873,0.8133145415824993,0.7598924378497878,0.9257775831921686,0.8320699229196764,0.8105477643403874,0.7580734594947373,0.922090342377093,0.841613771290897,0.8206764791407355,0.7645272996576772,0.935997059625801,62919,60690,1.0367276322293624,0.841613771290897,0.02334851992033027,0.032892368291550844
103,False,True,False,False,False,True,False,True,0.8087214029993461,0.7794577884793356,0.7240048237706326,0.9159077318468054,0.8160165218846694,0.7931056579617186,0.7454318676917339,0.9013811407322132,0.8270429229179497,0.7893599778446154,0.7104809693432602,0.9893672587445932,0.8336218999407924,0.80114714793587,0.7260237908875193,0.9786709901688264,0.8346685137711873,0.8133145415824993,0.7598924378497878,0.9257775831921686,0.8320699229196764,0.8105477643403874,0.7580734594947373,0.922090342377093,0.841613771290897,0.8206764791407355,0.7645272996576772,0.935997059625801,62919,60690,1.0367276322293624,0.841613771290897,0.02334851992033027,0.032892368291550844
112,False,False,True,True,False,True,False,True,0.8087214029993461,0.7794577884793356,0.7240048237706326,0.9159077318468054,0.8160165218846694,0.7931056579617186,0.7454318676917339,0.9013811407322132,0.8270429229179497,0.7893599778446154,0.7104809693432602,0.9893672587445932,0.8336218999407924,0.80114714793587,0.7260237908875193,0.9786709901688264,0.8346685137711873,0.8133145415824993,0.7598924378497878,0.9257775831921686,0.8320699229196764,0.8105477643403874,0.7580734594947373,0.922090342377093,0.841613771290897,0.8206764791407355,0.7645272996576772,0.935997059625801,62919,60690,1.0367276322293624,0.841613771290897,0.02334851992033027,0.032892368291550844
